標題,Remark,中文/英文意思
ตุลาคม,,october / 十月
กันยายน,簡稱 ก.ย. 讀 gan ya yon,september / 九月
สิงหาคม,簡稱 ส.ค. 讀 singha kom,august / 八月
กุมภาพันธ์,簡稱 ก.พ. 讀 gum pa pan,february / 二月
มีนาคม,,march / 三月
กรกฎาคม,讀 ga lak ga da kom,July /七月
พฤษภาคม,簡稱 พ.ค. 讀 prut sa pa kom,may / 五月
เมษายน,,april / 四月
มิถุนายน,讀 mitu na yon. มิ.ย.,june / 六月
มกราคม,,january / 一月
พฤศจิกายน,,november / 十一月
ธันวาคม,,december / 十二月
วันจันทร์,簡寫係 จ. 讀 wan jan,monday / 星期一
วันเสาร์,簡寫係 ส. 讀 wan sau,saturday / 星期六
วันอาทิตย์,簡寫係 อา. 讀 wan artit,sunday / 星期日
วันศุกร์,簡寫係 ศ. 讀 wan suk,friday / 星期五
วันพฤหัสบดี,簡寫係 พฤ. 讀 pa lu ha sa body,thursday / 星期四
วันพุธ,簡寫係 พ. 讀 wan put,wednesday / 星期三
วันอังคาร,簡寫係 อ. 讀 wan ang karn,tuesday / 星期二
ไม่เป็นไรครับ,,it's okay / 唔緊要
ขอโทษ,口語係 โทษที,sorry / 對唔住
ขอบคุณครับ,,thank you / 多謝
ทำไม,"亦可用 ใย, 是一個古風/詩歌用語. 問「你做乜要咁做（未來/意圖）」, 就要擺響句尾, 但如果係問「你點解冇做/點解會變成咁（過去/事實）」, 就要擺句頭. 擺句尾的話通常仲帶有情緒或質問既語氣, 所以一般黎講, 都係應該擺句頭較為禮貌",why / 點解
เบอร์โทรศัพท์ของผมคือ…,,My number is… / 我嘅電話號碼係…
รู้สึก,,"feel / 覺得, 感覺"
ไม่สบาย,,not feeling well / 唔舒服
ช่วงนี้,,recently / 最近
เจ้านาย,,boss / 老細
จัดประชุม,,holding a meeting / 開會
บริษัท,,company / 公司
การเดินเขา,,hiking / 行山
การเต้นรำ,,dance / 跳舞
เป็นเวลาห้าปี,,for five years / 五年了
การเดินทาง,,"travel, journey, transit / 出行, 奔波, 路程, 啟程"
การดูหนัง,,watching movies / 睇戲
สุดสัปดาห์,,on weekend / 周末
การถ่ายรูป,,taking pictures / 影相
การเล่นกีฬา,"讀 gan len gee la. 同做gym唔同, 係做一d有比賽規則既運動, 例如籃球, 足球 ",playing sports / 做運動
การว่ายน้ำ,,swimming / 游水
การวาดภาพ,,painting / 畫畫
การอ่านหนังสือ,,reading books / 睇書
การถักนิตติ้ง,,knitting / 編織
ตั้งแต่ยังเป็นเด็ก,"ตั้งแต่ = since / 由果陣, 從",since I was a child / 細個果陣
เดือนละสองครั้ง,,twice a month / 每個月兩次
สัปดาห์ละครั้ง,,once a week / 一星期一次
ไหล่,,shoulder / 膊頭
อัน,noun + amount or number + quantifier,general classifier / 大部份物件的可用單位
ขนมปัง,,bread / 面包
กินข้าวยัง,,have you eaten / 食左飯未
ครู,,teacher / 老師
ไหม,a particle indicating a yes/no question,question word at end / 疑問句
ช่วยพูด,,"help to speak / 幫手講, 幫我同佢講"
ให้คุณ,呢樣野係俾你架 專用,for you / 俾你
ที่,,"at, in, to, that, which, place / 地點, 關係代名詞"
เสียใจ,"用黎形容痛心、受打擊、心碎. 可以解作「抱歉/遺憾」, 不可以修飾事物. 通常有特定事件刺激（失戀、被騙）",sad / 傷心
กลุ้มใจ,,"worried, anxious / 心煩意亂, 愁緒"
อาย,,"shy / 怕醜, 害羞"
ความรู้สึก,,feelings / 感受
มีความสุข,,happy / 開心
เหนื่อย,,tired / 累
คำถาม,,question / 問題
เบื่อ,,"bored / 悶, 厭"
สัปดาห์,,week / 星期
หนึ่งปีปฏิทิน,,one calendar year / 一個歷年
เมื่อวาน,,"yesterday / 昨天, 岑日"
หลัง,,after / 後
เกี่ยวกับ,,about / 關於
ปัญหา,,problem / 問題
สัปดาห์หน้า,,next week / 下個星期
นี้,,this / 呢個
ขออนุญาต,,ask for permission / 請求許可
นั่น,,that / 果個
ขอถาม,,please let me ask / 我想請問
แม้ว่า...แต่...,,although…but… / 雖然….但是…
อยากรู้,,want to know / 想知
ความหมาย,,meaning / 意義
ใด,,"which, any / 任何"
ต้องการ,,"must, need /想, 需要"
ศึกษา,正式用語,"learn, study / 學習, 閱讀"
อยู่,,"live, right now / 住, 生存, 正在"
ในอีก,,"within another, in another…/ 在未來的…之內, 仲有幾耐時間…之後"
นานแค่ไหน,,how long / 幾耐
สถานี,,station / 車站
ตรงไป,,go  straight / 直行
เลี้ยวซ้าย,,turn left / 轉左
เลี้ยวขวา,,turn right / 轉右
สาย,,late / 遲到
พลาด,,"failed, missed / 失敗, 失去"
รถไฟ,,train / 火車
เร็ว,,"fast, quick / 快"
จัง,用黎加強語氣,"very much, so, too / 正呀"
ปากกา,,pen / 筆
ช็อกโกแลต,,chocolate / 朱古力
ลูกอม,,"candy, sweet/ 糖果"
รอ,,wait / 等
เกลียด,,hate / 憎恨
เก็บเงินทอนใว้ครับ,,Keep the change / 唔使找
ใหม่,,new / 新
เก่า,,"old / 舊, 老"
สำคัญ,,important / 重要
กว้าง,,wide / 闊
แคบ,,narrow / 窄
ไปติดต่อธุรกิจ,,to go on a business trip / 去出差
เดินทางปลอดภัย,,be safe on your way / 路上小心
สหรัฐอเมริกา,,america / 美國
จีน,,china / 中國
ญี่ปุ่น,,japan / 日本
ฝรั่งเศส,,france / 法國
อังกฤษ,,england / 英國
เยอรมนี,,germany / 德國
ฮ่องกง,,hong hong / 香港
เซินเจิ้น,,shenzhen / 深圳
สำรวจ,,explore / 探索
ท่าที,,attitude / 態度
พันธมิตร,讀 pan ta mid,alliance / 同盟
ต่อ,,"connect, add on, further on / 持續, 連接, 繼續"
แมว,,cat / 貓
ให้,,"give, offer, let / 俾, 令, 讓"
หมา,,dog / 狗
ที่นี่,,here / 呢度
ที่นั่น,,there / 果度
เมื่อไหร่,指向將來、幾時先發生/完結、帶催促感,when / 甚麼時侯
ที่ไหน,,where / 邊度
อะไร,,what / 咩
อย่างไร,口語版係 ยังไง,how / 如何
ส่ง,,"send, push / 送, 推動"
เรือ,,boat / 船
ช่องแคบ,,"strait, channel / 海峽"
อิหร่าน,,iran / 伊朗
แล้วแต่คุณ,,up to you / 隨你啦
ไม่มีทางหรอก,,"no way / 無可能, 才不要, 絕不"
ในแบบของคุณ,,in your own way / 以你的方式
ฉลอง,,celebrate / 慶祝
สาด,,"splash, spray / 撒, 灑"
เทศกาล,,festival / 節日
ใกล้,,near / 近
รอสักครู่,,wait a minute / 等等好快
กระดาษ,,paper / 紙
...ให้หน่อย,,please… / 唔該…
เขียน,,write / 寫
กรุณา,,please / 請
ค้นพบ,,discover / 發現
อดทนไว้,,hang in there / 堅持住
ล้มละลาย,,bankrupt / 破產
ลูกชาย,,son / 兒子
ติดลบ,,minus / 減
ของว่าง,,下午茶/甜點/小食/ snacks (高級版)
ขนม,或正餐以外既所有野,snacks / 甜品
ยอดเยี่ยม,,excellent / 優秀
ภายใน,,within.. / 在…之內
แป๊บนึง,,"just a moment / 等等, 馬上"
วิทยาศาสตร์,讀 wit ta ya sard,science / 科學
ยังไงก็,,no matter how/ 無論如何都..
ช่องทางการติดต่อ,,contact method / 聯系方式
ปกติ,,"normal / 平常, 正常"
ธรรมดา,,"usually, ordinary / 平常, 正常"
ทำให้,通常既句子結構係 ทำให้…รู้สึก…เหมือน…,"make for…, render / 做給…, 導致, 致使"
วิกฤต,讀 wig grit,"serious, critical, risky / 危殆"
กลัว,,afraid / 害怕
ทานให้อร่อยนะ,,enjoy your meal / 慢慢食
ทั้งหมด,,all / 所有
ขอให้สนุกนะ,,have fun / 玩得開心
พัก,,"stay, rest / 暫住, 休息"
พักผ่อนให้เต็มที่นะ,,enjoy your holiday / 好好休息
โดยเฉพาะ,,"especially / 尤其, 特別係"
จริงเหรอ?,,really? / 真係架?
อนุญาต,,"allow / 允許, 許可"
สั่ง,,order / 落單
ธนาคาร,,bank / 銀行
คนเก่าแก่,,"old man, veteran / 老人, 老將"
ไว้ใจ,主要針對人. 指對一個人嘅人品、忠誠有絕對嘅信心，深信對方唔會出賣你、傷害你,"trust, rely on / 信任, 放心"
ได้แต่,,only can / 只可以
โดน,通常帶有貶意,"being negatively done on something /被人欺負, 打等等"
เกือบ,幾乎但最後沒有發生,almost / 幾乎
เรื่อยไป,,continual / onward / 不斷持續
พระเอก,,"hero / 英雄, 主角"
ผุดผ่องยองใย,,radiant / glowing / 晶瑩剔透
หลอก,,trick / 欺騙 / 手段
สูบบุหรี่,,"smoking / 食煙, 吸煙"
ผิดเอง,,my bad / 我既錯
เก็บ,,collect / 收藏
ก้าวเข้ามา,,step in / 踏入
สั่นไหว,,shaking / 震動
ควบคุม,,"control, regulate / 控制, 管制, 約束"
รองเท้า,,shoe / 鞋
ขนาด,,size / 大細
เมื่อกี้,,moment before / 頭先
ค่อนข้าง,,quite / 相當
สิ้นปี,,end of this year / 年尾
ปสด. / ประสาทแดก,,crazy / 痴撚線
ต่างชาติ,,foreign / 外國
รวมถึง,,including / 包括
ทั้งแผนก,,whole department / 成個部門
ผัก,,vegetable / 菜
พากัน,,together / 集體
ตั้งแต่...จนถึง..,,since…until.. / 由…直到…
ประมาณ,,about / 大約
ตอนแรก,,at first / 最初
เก็บ,,"keep / 保留, 存放"
ละ,"[ 數字/單位 ] + [ 量詞 ] + ละ, 擺後面，強調「分配、單價、拆開計」","each unit, per /  每"
ออม,,saving / 儲蓄
ร่อยหรอ,主要形容錢或物資,"get less / 乾塘, 枯竭"
ในปัจจุบัน,"較 ตอนนี้ 正式, 而且時間範圍更廣","current / 近期, 呢排"
เรื่อย,,continuously / 持續
จิตตก,,"depress / 意志消沉, 頹廢"
หลาย,,many / 很多
นัดสัม,นัด (約會) + สัมภาษณ์ (Sǎm-phâat - 面試) = 簡稱 นัดสัม。,interview / 面試
ยื่น,,submit / 遞交
สักที,,finally / 終於有一次
ท้อ,,"discouraged / 灰心, 失意"
ออกค่า,,pay the cost / 出錢
ค่าหอน้ำไฟ,ค่า 費用 $+$ หอ 宿舍/公寓 $+$ น้ำ 水 $+$ ไฟ 燈/電,"cost for living, water and electricity / 水費, 電費, 住宿費"
ไป ๆ มา ๆ,,"eventually / 到頭來, 兜兜轉轉"
อิจฉา,,"jealous, envious / 妒忌, 嫉妒"
ถูกชูส,,chosen / 被選中
แถมยัง,แถม 贈送/加碼 $+$ ยัง 仲係,even more / 而且仲要
พึ่งพา,,depend on / 依靠
เรื่องปกติ,,normal incident / 正常既事
ความคิดเห็น,結合咗 คิด 諗 $+$ เห็น 見到 $\rightarrow$ 觀點,"view point / 觀點, 看法"
สภาพเศรษฐกิจ,Sà-phâap sèat-thà-gìt,economic environment / 經濟環境
ด้วยซ้ำ,,"even / 甚至乎, …添呀!"
สาเหตุ,指導致某個事件、問題或結果發生嘅客觀起因、根源或事故發生成因,cause / 原因
ปรับโครงสร้างองค์กร,,reorganization / 公司重整架構
อย่างเดียว,,only one / 唯一一樣
งานตรงสาย,"สาย = 果條 line, (呢度指果個學科)",job fits subject / 讀果科做返果科
ลอง,,"try, test / 嘗試, 試驗"
จบ,讀 job,"complete / 完結, 畢業"
ลับ,,secret / 秘密
ขอให้,,"hope, wish / 祝福, 祝願"
จขกท.,全寫係 เจ้าของกระทู้,poster / forum 出貼樓主
เร็ววันนี้,,"in the near future, coming soon / 不久將來"
กำลังใจ,,"motivation, encouragement / 鼓勵, 動力"
เป็นกำลังใจให้,,"add oil / 加油, 支持你"
ล้มเหลว,,failure / 失敗
เหตุการณ์,,event / 事件
กลับมอง,,on the contrary / 反而覺得
จากที่เล่ามา,,"from what you shared / 根據你既分享, 講述"
ความรับผิดชอบ,"有事需承擔責任, 同หน้าที่ 唔同, 後者係職責同義務, 未必同法律責任有關係, 類似 job description",responsibility / 責任感
หนี,,escape / 逃走
ตลาดงาน,,job market / 搵工市道
ภาพยนตร์,,movie / 電影
ฟุตบอล,,football / 足球
แตกสลาย,,"broken, destroyed / 粉碎, 瓦解"
วัย,,"age range / 年齡層, 時期, 階段"
ความฝัน,,dream / 夢想
พังทลาย,"既可用於物理, 也可用於精神上","collapse / 幻滅, 崩塌"
ทุกอย่าง,,everything / 所有野
จากการ,,from act / 由XX行為…做成
หายไป,,disappear / 消失
การลงทุน,,investment / 投資
ยังไม่ทัน,,too late / 來不及
ไอ้,,calling someone but not in a good manner / 不禮貌稱呼
แจ้งตำรวจ,,call the police / 報警
ภาพ,,"picture, screen / 照片, 畫面"
ขาย,,sell / 賣
วจ.,"waw jor, 法庭證物專用名詞",evidence item / 證物
จำเลย,,defendant / 被告
บุกค้น,,sudden inspection / 突擊搜查
ศาล,,court / 法院
ตามหา,"帶有目的性的尋找, 例如找失蹤的人",search for / 尋找
เอกสาร,,document / 文件
ใส่,用作衣服，配件，口罩等,wear / 穿戴
ติด,,"stick to / 跟, 痴住, 貼住"
เนื่อง,偏向抽象、因果或關聯。佢最常用嘅意思係「由於、因為、隨之」，或者表示事情之間有因果脈絡,"connect, due to / 相關, 連結"
พยาน,,witness / 證人
พอทราบ,"確定性不是100%, 可能叫做略懂, 或大概知道. 亦帶有委婉既感覺","to confirm, to know / 是否確認, 是否知道"
ทำเป็น,,pretend to / 做成
ลูกกรอก,這是一種泰國的傳統黑巫術，將夭折或未出生的胎兒遺體經過特殊處理製成，用以供奉求運,古曼童
ที่สุด,,the most / 最
สุดท้าย,側重於「順序上的最後一個」或「事情發展的最終結果」,finally / 最後
ทำได้,,can do / 做得到
ความสงบ,,calmness / 冷靜
อยู่ใน,,stay…in / 在…裡面
สามี,粗俗版係 ผัว,"husband / 丈夫, 老公"
ทั้ง...ทั้ง…,,not just…but also… / 既…又…
สัตว์,,animal / 動物
ไอ้สัตว์,,"bastard / 混帳, 畜生"
โกรธ,,angry / 生氣
เอ๊ย,"語氣助詞, 類似仆街”啦!”",oiii! / 啦!!
ฉิบหาย,"現代用法係”鬼咁”, “到死”","awful, wasted / 完蛋, 毀滅"
เชิญ,,"invite, welcome / 有請"
ทนาย,,"lawyer, attorney / 律師"
ถามค้าน,,cross-examination / 交叉詰問
ผู้พิพากษา,,judge / 法官
โจทก์,讀 jot,plantiff / 原告
ปาก,"如果用係法庭, 係解做證人既量詞","mouth / 嘴, 口"
เกี่ยวข้อง,,relevant / 有關聯
คดี,"幾乎響法庭先會用, 一般情況下, 事件係用 เรื่อง. 另一種情況係用 กรณี, 同樣指案件, 比 คดี 意思較為廣泛","case / 官司, 案件"
คลอด,,childbirth / 分娩
ผ่า,,dissect / 解剖
สภาพ,最常用的狀況,"status / 狀態, 景況"
อาการ,"專形容生理, 心理狀態",status / 狀況
ความเป็นอยู่,形容人的生活狀況,life status / 生活狀態
สถานการณ์,"形容較大環境的狀況, 讀 sa tan na gan",situtation / 局勢
มดลูก,,womb / 子宮
เลือด,,blood / 血
เนื่องจาก,"“因為”的書面或更正式的用語, 平時用 เพราะว่า","due to / 基於, 因為"
รีบ,,"hurry / 快速, 立即"
โอกาส,讀 or gut,chance / 機會
รอด,,"survive / 生存, 存活"
สูง,"可以形容機率, 程度, 物件高度等","tall, high / 高"
ทราบ,這是一個比「รู้」(roo) 更正式、有禮貌的說法,know / 知道
อย่าง,同 ยัง 無關係. 「แบบ」(Baep) 比較側重於「外在的形式/範本」，而「อย่าง」(Yang) 比較側重於「內在的特質/方式」。,"type / 種類, 款式"
อย่างที่,,just like… / 就如…
ทำตัว,口語版,behave / 行為
แค่,"強調程度, 數量","just / 僅僅, 只有"
ตัว,,body / 身體
เพิ่ง,強調時間性,"just / 剛剛, 不久之前"
กับ,,"with / 跟, 向"
ส่งตัว,,"transit, send away / 送走, 移走"
นำไป,"主要用係帶領, 引路",take / 帶去
ทำพิธี,,Perform the ceremony / 進行儀式
ที่วัด,,temple / 寺廟
ที่เกิดเหตุ,,place of incident / 案發現場
คราวนี้,ครั้งนี้ (Khrang-nee): 最正式、最常見的「這次」。法律文件或嚴肅場合多用這個詞。รอบนี้ (Rop-nee): 口語中非常常用，指「這一輪」或「這一波」。例如：「這一波活動」、「這一輪比賽」。,this time / 這一次
ออกมา,,come out / 出來
เสียง,,sound / 聲音
ร้อง,,"cry out, yell, sing / 叫喊, 發聲, 唱"
ร่างกาย,"醫學正式用詞, 一般情況下用 ตัว",body / 人體
การขยับ,,movement / 移動
เตรียม,,prepare / 準備
ชีพจร,讀 chip pa jot,pulse / 脈搏
ละเอียด,,detailed / 詳細
พอ...แล้ว…,,when…then… / 一旦…就…
ไม่ว่าจะ,同 แค่ไหน (多少/多麼) 一齊運用,no matter how / 不管
ตรวจ,讀 du lu wat,"check, inspect / 檢查"
หยุด,,stop / 停止
ถือว่า,,considered / 被視為
ทารก,讀 ta rok,baby / 嬰兒
นอกเรือง,,off topic / 離題
ประเด็น,,subject / 議題
แห่ง,比較書面語及嚴謹的 “的” 用法,of / 的
ข้อกล่าวหา,,allegation / 指控
ฟ้อง,"任何人都可以用呢個字去起訴別人, 而 สั่งฟ้อง  都係起訴咁解, 但係係檢察官專用",sue / 訴訟
แน่นอน,,"certain, definite / 肯定"
เกี่ยวข้องกับ,比 เกี่ยวกับ 更正式,about / 與…有關
เอาเท่าที่,,only the part of… / 只限於…部份
เวชระเบียน,非常正式的用語,medical record / 病歷
นาง,"法庭用語, 非常正式情況下稱呼已婚或成年女士",miss / 女士
บันทึก,,record / 記錄
สัญญาณชีพ,醫學專業術語，包括脈搏、呼吸、血壓等,vital sign / 生命跡象
แสดงว่า,用於做推論時說,"that’s why / 顯示出, 也就是說"
ถึงแม้,,even though / 即使
หัน,用響面向,turn body / 轉身
ย้อน,"用響位置, 時間","return, reverse / 折返, 回頭"
ถาม,,ask / 問
ตาม,,"follow / 根據, 依照"
ความเป็นจริง,非常正式的詞，比「ความจริง」更強調客觀事實,truth / 事實真相
รบกวน,委婉的請求. 讀 rob gwun,please / 麻煩..請
ท่าน,"對尊敬的人, 前輩或高級上司專用名詞","sir / 前輩, 閣下"
แปลว่า,,it means / 代表
ตัวอย่าง,,sample / 樣本
บุคคล,,legal person / 法律人格
บัญชี,,account / 戶口
เรียก,亦可以係打電話果隻 call,"call / 稱作, 叫做"
ศพ,,dead body / 屍體
เศษ,,"fraction, piece / 殘餘, 碎塊"
เนื้อ,,meat / 肉
ซาก,人的遺體 但帶有貶義,dead body / 殘骸
พูดถึง,,"speaking of / 談及, 提到"
มนุษย์,,human / 人類
ยืนยัน,,confirm / 確認
ใบเกิด,,certificate of birth / 出生證明
ระคายหู,,irritating / 刺痛
หู,,ear / 耳朵
เชื่อ,"指接受某樣嘢係真確的，或者相信一個人講嘅說話, 可以係人、資訊、理論、新聞甚至鬼神。",believe / 相信
เถอะ,將「命令」化為「溫柔嘅建議」,"please / 啦, 嘛 (委婉的請求)"
เห็นใจ,,sympathetic / 同情
ผู้ช่วย,,assistant / 助理
ประคบประหงม,,take good care / 細心呵護
ยิ่งใหญ่,,great / 偉大
แค่ไหน,,"how much / 到甚麼程度, 有多麼…"
กฎหมาย,讀 got mai,law / 法律
ตามอำเภอใจ,,"arbitrarily / 武斷地, 隨心所欲地, 任意地"
ตีความ,詮釋法律條文用,interpret / 詮釋
เอามา,,"bring it here, take it / 拿來, 採用"
พิจารณา,法庭案件專用,"consideration / 審理, 斟酌, 考量"
ส่วนนี้,,this point / 呢一點
ข้อกฎหมาย,,legal provision / 法律條款
อัยการ,法律用語,inspection attorney / 檢察官
วินิจฉัย,這是非常正式的法律用語，專指法官根據法律做出的正式決定,diagnose / 法庭裁決
มาใน,,come in / 依照
รู้ตัว,,you know that? / 意識到嗎?
น่ารังเกียจ,,"annoying, hateful / 令人作嘔, 令人嘔心"
ชั่ว,,evil / 邪惡的
สังคม,,"society / 社會, 大眾"
นี่ไง,它帶有一種「證據確鑿」或是「理所當然」的語氣,obviously / 就是這樣
อ่อนไหว,,"sensitive / 敏感, 情緒化"
เนอะ,表示「對吧」、「呢」（尋求共鳴，帶有調侃意味）,right? / 對吧?
คราวหน้า,,next time / 下一次
ไปแล้วกัน,結尾語助詞，帶有建議、叮囑的語氣,that's it / 就咁決定啦
เผื่อว่า,帶有假設性,in case if / 假如
ร่วมงานกัน,,work together / 共同合作
สัมภาษณ์,,"interview / 採訪, 訪問"
นักการเมือง,,politician / 政治人物
กุมารทอง,"早夭孩子, 受高憎法力加持注入某些聖物當中",kuman thong / 古曼童
ค้า,,trade / 交易
โซเชียล,,social media / 社交媒體
การตั้งค่าหัว,"響呢度, ตั้ง 係設立, ค่าหัว 係人頭價",set fee for head hunt / 懸賞人頭
ตรงนี้,,at this point / 對於這件事
ใครสักคน,指某個人,someone / 某個人
บางคน,指比較大範圍的人,someone / 某些人
สงสัย,,suspect / 懷疑
ไม่คิดจะ,,ever think that…? / 不曾想過要…?
ชี้แจง,"有向大眾解釋或上頭解釋的意思, 有交代或澄清事實的意味","explain / 解釋, 交代, 澄清"
ชนะ,,win / 勝利
อธิบาย,"最常用, 同任何人都可以講, 解釋某個概念或事物","explain / 解釋, 說明"
โปร่งใส,法律用詞,transparent / 透明公開
อีเหี้ย,極度粗俗用詞,"bastard, whore / 賤女人"
อี,,prefix as whore / 賤女人稱呼前綴
อาชีพ,,occupation / 職業
สะใจ,意思： 指某種強烈嘅快感，通常係見到壞人得到報應、或者自己一直想做嘅事終於成功出咗一口氣時嗰種「好過癮、好解恨」嘅心情。,satisfy / 滿意
ซื้อมา,或者解買返黎,buy back / 買來的
จิตใจ,,"mind, spirit/ 心靈, 良知"
ทำด้วย,,"made by… / 由…做成, 憑…, 用…"
เชี่ย,極粗俗粗口,fuck / 乜撚野事
ถ่าย,,"take picture, film / 拍照, 拍攝"
วะ,帶有反問但不耐煩語氣,question word / 反問助詞
คนดัง,,famous person / 名人
ออกไลฟ์,,live streaming / 開直播
เด่นหรา,,"obvious / 刻意, 大搖大擺"
ดารา,,celebrity / 明星
อะไรอย่างงี้,,something like that… / …之類的東西
เครื่องใน,,offal / 內臟
แถม,,add / 添加
สักหน่อย,"語氣有委婉或勸導的意思, 較主觀",a little bit / 一點點
นิดหน่อย,語氣較中性 客觀,a little bit / 一點點
เขา,"同 เค้า 一樣, 但 เค้า 較為口語化同埋女仔撒嬌有時會用","he, she, them / 他, 他們"
ข้อมูลเบื้องต้น,,basic information / 基本資料
มาแล้ว,"比 แล้ว 更強調有預先準備好, 從之前到現在既狀態",have aleady / 早已經
เดิม,,"old, former, original / 之前, 照舊, 原先"
แหละ,"語氣助詞, 大概係 “你想點就點”, “就咁”. 經常配合 ก็ 一齊用 ‘ก็….แหละ’. 用黎強調「正正就係呢樣嘢／呢個人」",that’s it / 就這樣
รับสารภาพ,法律專用名詞,confess / 認罪
ว่าไง,,how to say / 點樣講
เอาน่า,,"come on / 好啦, 算啦, 咪咁啦"
นักหนา,通常在句子中帶有「懷疑」、「輕蔑」或「覺得對方反應過度」的意味。,very much / 嚴重地
ค่อยๆ,,gradually / 慢慢黎
ลุกช้า ๆ,,get up slowly / 慢慢起身
ไอ้สารเลว,,bastard / 混蛋
คง,水晶球 Probably 版,"probably, should be / 應該, 估計, 大概, 猜測"
ควร,讀 kwon,"should / 應該, 理應"
ถ่ายวิดีโอ,,take video / 拍片
นามสกุล,,surname / 姓氏
รหัสผ่าน,,password / 密碼
เมื่อคืน,,"last night / 前一晚, 昨晚"
ฝันร้าย,,nightmare / 惡夢
ลุง,,"uncle / 叔叔, 伯伯"
อุบัติเหตุหนัก,,serious accident / 嚴重事故
มัก,放動詞前面,"tend to, usually / 慣常, 往往"
เกิดกับ,,happens on… / 在…身上發生
ทันที,,immediately / 立即
ซ้ำๆ,,repeatedly / 重覆地
บิดเบือน,,"distort / 失真, 扭曲"
เป็นไปได้,"強調可行性, 可做獨立的形容詞或結論. 而อาจจะ 後面一定要加動詞",possible / 有可能
อย่าพูดแบบนั้นสิครับ,,don’t say that / 唔好咁講啦
ฟังไม่ทัน,,can’t follow / 聽唔切
พูดอีกที,,say again / 再講多次
ได้ยิน,被動地接收到聲音,hear / 聽到
ฟัง,主動地去聽聲,"hear / 聆聽, 傾聽"
ป่วย,形容詞,"sick / 生病, 患上"
โรค,名詞,sickness / 病
อื่น,,other / 其他
ปรับตัว,,adapt / 適應
ส่วนใหญ่,,mostly / 大部分
เข้าไป,,"enter into / 進入, 越來越似"
พักผ่อน,,get rest / 休息
ใช้ชีวิต,,live life / 過生活
ทั่วไป,,"general / 一般, 常規"
ก็เลย,亦可解因此,"so… / 所以就…, 於是…"
เป็นห่วง,"對外面對象用, 掛心人地","worry / 擔心, 掛心"
กังวล,"對自己用, 內耗","worry / 焦慮, 煩惱"
บางวัน,,some days / 某些日子
เกินกว่า,,"over, more than / 超出, 超乎"
แย่,,"bad, terrible / 差, 糟糕"
ตลอด,,"all the time / 恆久, 一直"
เสมอ,,always / 經常
เตือน,,remind / 提醒
บ่น,,"complain, murmur / 嘮叨, 埋怨"
อย่า,,don’t / 不要
ลืม,,forget / 忘記
ชั้นนำ,,"leading, main / 主要"
อายุ,,age / 年齡
อาหารเสริม,,supplement / 保健品
ชะลอ,,slow down / 減慢
หน้าเด็ก,,child face / 童顏
ยอม,"行動上認同接受, 妥協, 順從","agree, surrender / 肯, 承認, 投降, 妥協"
วิธี,指「方法、步驟、點樣做」（偏向具體、實用、技術性）。,"method, step / 方法, 步驟"
ที่แล้ว,,last time / 上次
ช่วย,,"help / 幫助, 幫忙"
ก็คือ,"กะคือ 而家都多人用, 帶有無奈, 吐槽既語氣",that is / 即係
วิพากษ์,,"critique, analyze / 剖析, 評論, 批判性分析"
ร่าง,,"draft, form / 草案"
พระราชบัญญัติ,縮寫係 พ.ร.บ.,"act / 法令, 法案"
งบประมาณ,縮寫係 งบฯ,financial budget / 財政預算
วาง,,place / 擺放
รากฐาน,,"foundation / 基礎, 根基"
รายได้,,income / 收入
ข้าง,"前後左右分別係: ข้างหน้า, ข้างหลัง, ข้างซ้าย , ข้างขวา, 是被動性的靜態","side, direction / 方向"
ทาง,"帶有主動性, 有動態. 指「行得通嘅通道、道路、方法」, 屬於真實實體存在的路徑","way, path, road / 路, 渠道"
ยอมจำนน,"比 ยอม 更有走投無路, 被逼屈股既絕境境界","surrender / 投降, 屈服, 認命"
ไกลกัน,,far apart / 遠距離
แยก,,separate / 分開
เหตุ,"新聞中意放呢個響頭, 代表 “關於……嘅事件”","cause, incident / 事件"
การบินไทย,,thai airways / 泰國航空
เรือ,,"ship, craft / 船, 交通工具"
ลอบ,,"secretly, silently / 秘密地, 偷偷地"
ขน,讀 koon,"transport, carry / 搬運, 運送"
เฮโรอีน,,heroin / 海洛英
ออสเตรเลีย,,australia / 澳洲
กระทบ,,"affect, impact / 影響, 衝擊"
สายการบิน,,airline / 航空公司
แห่งชาติ,讀 hen chad,national / 國家級
หลังจาก,,after that… / 在…之後
เกาะ,,island / 島
เที่ยว,,travel / 旅遊
เที่ยวสุดท้าย,,the last traveling / 最後一趟
ทุกคน,,everyone / 每個人
เดินทาง,,"travel / 行程, 出發"
โดย,側重「方式 / 途徑 / 狀態」（偏正式) . 新聞中仲可以解 “其中/附帶說明”,by / 透過
เดินทางโดยสวัสดิภาพ,很 formal,safe trip / 旅途平安
หน่อย,"主要用響帶有請求性或命令性既句子, 擺句尾係用嚟「拜托人哋做某個動作」只能用喺「人可以主動控制、而且你想拜托對方做」嘅事情上","a bit… / 小小…, dd…"
แตะตัว,,touch / 觸碰
ขอ,有禮貌地請求,ask for.. / 請求
คำปรึกษา,,"get advice, consultation / 尋求建議, 咨詢"
ปวดหัว,"ปวด 響度其實係個動詞, 所以放響名詞前面係岩",head pain / 頭痛
กระเป๋า,小容器／生活物件常用 กระ 做 prefix,bag / 袋
กระโดด,「跳躍、震動、拍打」常用 กระ 做 prefix,"jump, bounce / 跳, 彈跳"
กระทรวง,完全不是原生泰語，而是一個源自「古高棉語（柬埔寨語）」的借詞,ministry / 國家政府部門
โรคกระเพาะ,"地道d 可以用返 ปวดท้อง, 肚痛胃痛都可以用呢個字",stomach pain / 胃病
วิญญาณ,"好正式既佛學詞, 代表精神,  如果係日常用語它幾乎等同於「靈魂」或「鬼魂」",spirit / 精神
ชัดแจ้ง,帶有「真相大白」嘅屬性,"clearly, evident / 清晰地, 事實"
น่า,,"worth, good for / 值得"
นายหน้า,,"broker, agent / 中介"
ซึ่ง,"用來「連接」句子的補充說明, 而「ว่า」是用來「連接」動詞與後面的內容","which, that / 即, 也就是, 即係"
เมล,,mail / 電郵
คนเช่า,,tenant / 租客
ทางเมล,,through email / 通過電郵
เงียบ,,quiet / 靜默
เสียหาย,,damaged / 損失
ค่าเสียหาย,,breakage / 損失費用
เรียกค่า,,claim / 索賠
เดี๋ยวให้,,give it in a moment / 一陣俾
เดี๋ยวครับ,,wait a sec / 等一陣呀
คุ้ม,,cover / 包括
ซ่อม,,"fix, repair / 修理"
น่าจะ,表達一種建議或推測,ought to be…/ 可能比較…
สู้,,"fighting / 加油, 頂住, 作戰"
สู้,「สู้ + [ 行動 ] + น่าจะดีกว่า / ดีกว่า」 嗰陣，它背後有一個隱藏嘅對比對象,against / 倒不如
เหรอ,"口語版係就咁 หรอ, 帶有反駁語氣既就 หรอก (才怪, 哪有啦). 本身意思係”係咪呀”",is that it? / 係咩? 呀? 真的嗎?
ค่าผ่อน,,instalment / 分期付款
คอนโด,,condo / 公寓
ก็งั้นๆ,,"soso / 麻麻地, 一般般"
เงินค่าเช่า,,rent / 租金
งั้น,"全寫係 อย่างนั้น . 同 แล้ว 用法唔同, 前者係聽完人講嘅原因，改變原本想法，做個新決定",okay so then… / 既然係咁…
ย้าย,,move / 搬遷
สนใจ,,"interested, interesting / 有興趣"
ลูกค้า,,"customer / 客人, 顧客"
ทำเล,,"location / 地段, 環境"
แถว,,"district, row/ 一帶"
ทุก,"ทุก + [ 名詞 ] , 擺前面，強調「大局、全體、一律」",every… / 每…
หมื่น,,10 thousand / 一萬
หลังนั้น,หลัง 係屋既專用量詞,that room / 那間
จ๋า,極度親暱、撒嬌、充滿愛意嘅叫法,babe / bb 呀
ไข่,,egg / 蛋
ฟอง,蛋的量詞,grain / 顆
ไข่ดาว,,fried egg / 煎蛋
ดวงดาว,,stars / 星星
ล้อเล่น,,kidding / 開玩笑
โกหก,主要係口頭講既大話,"lie / 大話, 欺騙"
หลอกกัน,"非認真用, 意思好似 “你玩我咋掛”","trick / 呃, 欺騙"
มั่วแล้ว,好地道口語化既講法,"just kidding / 亂講, 鳩嗡"
ระดับ,,"level, grade / 級別, 水平"
ตกงาน,,lose a job / 失去工作
ผู้จัดการ,縮寫係 ผจก.,manager / 經理
ความเครียด,個人面對壓力時，內心產生的緊張、焦慮、煩躁或身心反應,"stress / 壓力, 焦慮"
บริษัทข้ามชาติ,,multi-national company / 跨國公司
เพิ่ม,強調喺原本已經有嘅基礎上，再往上疊加、擴大,increase / 增加
เพิ่มเติม,,more / 更多
งานโหลด,,workload / 工作量
ทางบ้าน,,family side / 屋企人果面
ครอบครัว,屋企人立場視角,family / 家人
เยอะ,,a lot / 多
แผน,名詞,plan / 計劃
วางแผน,動詞,to plan / 去計劃
ทักษะ,,skills / 技能
ความรู้,,knowledge / 知識
พอสมควร,,reasonably / 具足夠的
แทน,,"replace, instead of / 代替, 取以代之"
ตกใน,,"drop into / 跌落, 跌入"
คนแปลกหน้า,,stranger / 陌生人
โดยเร็ว,เร็วเร็ว 係口語版,asap / 盡快地
ฐานะ,"身份, 背景, 家底","position / 地位, 位置, 身份"
เทรนด์,,trend / 趨勢
โครงสร้าง,,structure / 結構
แรงงาน,,labor / 勞動力
ดึง,,pull / 拉
บวก,強調將兩個數字、或者兩個獨立個體結合埋一齊嘅運算,addition / 加
ลบ,,minus / 減
คูณ,,multiply / 乘
หาร,,divide / 除
เท่ากับ,口語講 เป็น 就得,equal / 等於
บน,靜態方向,up / 上
ล่าง,靜態方向,down / 下
ขึ้น,動態方向,rise / 向上
ลง,動態方向,drop / 向下
ทางหน้า,,front way / 向前
ทางหลัง,,"back way / 向後, 後方, 後門"
ถอยหลัง,,"turn back / 退後, 倒後"
จุดแข็ง,,strength / 優勢
แคนดิเดต,,"candidate / 應徵者, 考生"
แข็ง,,"hard / 強硬, 堅硬"
ยืดหยุ่น,,"flexible / 彈性, 靈活"
หนัก,,"heavy / 重, 沉重"
ชวน,,invite / 邀請
กล้า,,brave / 勇敢
บันได,,"stairs / 樓梯, 階梯"
ง่าย,,easy / 容易
สกิล,,skill / 技能
ตัดสินใจ,,decide / 決定
เริ่ม,,start / 開始
อย่างอื่น,,something else / 其他野
หมดหวัง,,hopeless / 無望
ตำแหน่ง,"用響人既話就係職位, 官銜. 用響車導航既話就係位置, 定位","position, location / 位置"
ค่อย,,and then gradually… / 然後才…
โลเคชั่น,location 泰文拼音,location / 位置
ถึงไหนแล้ว,最地道問人響邊既泰文,where are you at now / 到邊呀
เท่ากัน,,equal / 相同
เอาใจช่วย,拎個心出黎幫你 = 為你打氣既意思,cheer for you / 為你打氣
อายุเท่ากัน,,same age / 同年
เรียนรู้,指通過課堂、書籍、課程或系統化的教學來獲取知識或技能。,learn / 學習
ไว,,quick / 快速
ผลัก,,push / 推
ดัน,有外力頂住. 亦可解作 「偏偏 / 點知卻 / 竟然」,"push hard / 頂住, 硬推"
อินสตาแกรม,,instagram / IG
โฆษณา,一般口語通常用 Ad 就算 (แอด),advertisement / 廣告
ปล่อย,,"release, let go / 釋放, 放手"
ปล่อยให้,後面如果句個 เอง 代表不加人工干預,"let it be / 放任, 由得"
อินเดีย,,india / 印度
เนื้อหา,,content / 內容
ลามก,,porn / 色情
สื่อ,外文打法係 มีเดีย,media / 媒體
อนาจาร,,"obscene / 污穢, 猥褻"
เลขา,,secretary / 秘書
นั่ง,,sit / 坐
แขน,,arm / 手臂
เสร็จ,,finish / 完結
กินเลี้ยงเสร็จ,,"after party / 應酬完, 食完慶功宴"
อยู่ดีๆ,,"suddenly / 突然間, 無端端, 好地地"
มือ,,hand / 手
จับมือ,,"hold hand, shake hand / 握手"
จับ,,"hold, grab / 拿, 抓, 捉"
เปลี่ยนเรื่องคุย,,change the subject / 轉話題
ล่าสุด,,"latest / 最新, 最近"
งานเลี้ยง,,party / 宴會
รวม,,"together / 一齊, 一起, 聚集"
ยืน,,stand / 企
ด้านหลัง,,behind / 後面
เอว,,waist / 腰
ชัดเจน,,"clear / 明確, 清楚"
เลิก,,"finish, stop / 完成, 結束, 停"
บ่อย,,often / 經常
การกระทำ,,"action , behavior/ 行為, 行徑"
เจตนา,,intent / 有意
แอบแฝง,暗指另有企圖,"hidden, furtive / 隱藏, 暗藏"
สนิท,,close / 熟絡
เฉยๆ,,merely / 僅僅
ร้องเรียน,,"complain / 投訴, 申訴"
แท็กฮิต,tag heat,popular tags / 熱門標籤
ยอดนิยม,,"popular / 出名, 熱門"
บทความ,讀 bot kwam,article / 文章
เกม,,game / 遊戲
ห้อง,,room / 房間
เลือก,,choose / 選擇
สีลม,Pantip 代表： 職場、搵工、返工、創業。係曼谷商業區好似中環咁。,silom / 是隆
สวนลุมพินี,Pantip 代表： 健康、醫療、運動健身、 supplements。係出名俾人去做運動既公園。,lumphini park / 藍毗尼公園
กรีนโซน,Pantip 代表： 環保、垃圾分類、全球暖化、綠色生活。,green zone / 綠化區
กล้อง,Pantip 代表： 攝影、單反、鏡頭、攝影技巧。,camera / 相機
แก็ดเจ็ต,Pantip 代表： 智能手錶、耳機、遊戲機、日常電子潮物。,gadget / 配件
ไกลบ้าน,Pantip 代表： 海外留學、移民、海外工作。,far from home / 遠離家鄉
เฉลิมกรุง,Pantip 代表： 音樂、歌手、泰文歌歌詞、演唱會、國際樂壇。,sala chalermkrung /  皇家劇院
ชานเรือน,Pantip 代表： 家庭、育兒、懷孕、婚姻生活。泰式傳統高腳屋木屋前面嗰個一家人聚埋一齊。,"veranda, balcony / 屋簷平台"
ซิลิคอนวัลเลย์,Pantip 代表： 電腦硬體、軟件開發、編程、網絡安全、IT 技術。,silicon valley / 矽谷
โต๊ะเครื่องแป้ง,Pantip 代表： 化妝品、護膚、美容、時尚穿搭。,dressing table / 化妝台
บลูแพลนเน็ต,Pantip 代表： 旅遊、開車搵位攻略、景點推薦、酒店房評測,blue planet / 藍色星球 (地球)
บางรัก,Pantip 代表： 愛情、拍拖、出軌、男女關係。名字帶有「รัก (愛)」，所以全泰國人結婚登記最鍾意去呢個區嘅民政局,bang rak / 挽叻區
ศาลาประชาคม,Pantip 代表： 法律諮詢、社會求助、騙案舉報、民生投訴。人民遇到官非會去呢d地方開會,community hall / 社區大堂
ก้นครัว,Pantip 代表： 烹飪、飲食、食譜、搵食、餐廳推薦。,kitchen / 廚房
กรุงโซล,Pantip 代表： 韓流、K-POP、韓劇。,capital seoul / 首爾
การ์ตูน,Pantip 代表： 日本動漫、漫畫、Cosplay。,cartoon / 卡通
แกลเลอรี่,Pantip 代表： 網友分享相片、靚相、風景照。,gallery / 圖片庫
จตุจักร,Pantip 代表： 寵物、園藝、種植花草。最出名嘅就係平日有大型花鳥蟲魚同植物市集。,chaktuchak / 洽圖恰週末市集
เฉลิมไทย,Pantip 代表： 電影、泰國電影、荷里活大片、院線消息。極具歷史價值 Sala Chalerm Thai,chaleom thai / 泰國舊色戲院
ชายคา,Pantip 代表： 買樓、買私人業權地產、室內設計、裝修、買傢俬。,eaves / 屋簷下
ดิโอลด์สยาม,Pantip 代表： 長者生活、退休規劃、懷舊歷史文化。The Old Siam 係曼谷一個充滿懷舊風情、老一輩最鍾意去聚腳食傳統泰式點心嘅商場。,the old siam / 暹羅
ถนนนักเขียน,Pantip 代表： 原創小說、散文、詩歌、網絡文學。,writers street / 作家路
บางขุนพรหม,Pantip 代表： 泰國電視台、本土電視劇（Lakorn）、電視藝人八卦。泰國 3 號電視台以前嘅總部舊址就係喺呢個地段。,bang khun phrom / 邦坤彭
พรหมชาติ,Pantip 代表： 星座、算命、塔羅牌、風水、泰式玄學。泰國占卜古籍名稱,"phrommachat / 泰國占星, 占卜"
การปกครอง,,governance / 治理
กันมา,,along together / 一路以黎互相
ประคับประคอง,,"sustain hard / 小心呵護, 死頂死撐"
คับ,例如用手夾住,tighten / 夾住
ประ,"手既意思, 好多字由 ประ 開頭都係同手有關",prefix / 前綴
กระ,"用呢個 prefix 做開頭既有幾個含意: 體型細小既物件, 圓形或中空既物件, 同彈跳有關既動作, 或純粹令個生字讀得好聽d",prefix / 前綴
เอาไว้,,"keep it…, leave it for later… / 留返…先啦"
แดก,食既意思但係係粗俗版,"eat / 啃, 𡁻"
เอาว่ะ,,great! / 好丫! 正丫!
ชาว,"形容一個群體, 而唔係單一個體","people / 市民, 人民"
ชาวกรุง,,citizen / 城市人
เว้ย,"句尾助詞, 類似正呀 “喂!”",yeah! well! / 喂!
สิ,加強語氣助詞. 同 ดิ 一樣意思,"go ahead, of course / 啦! 梗係啦!"
ทุน,,fund / 資金
อีกแล้ว,,…again / 又….了
นาย,朋友之間也可以稱為第二人稱的”你”,mister / 先生
สอบ,,exam / 考試
ข้างบน,,upstairs / 上面
แล้ว...ล่ะ,,how about…? / 咁…呢?
ชุดครุย,,academic gown / 畢業袍
ถอด,,"take off / 脫掉, 除低"
ปาร์ตี้,,party / 派對
จันทรุปราคา,,lunar eclipse / 月食
หก,,six / 六
เล่ามาได้เลย,ว่างครับ เล่ามาสิ 極簡化版,share with me / 講我知啦
บ่นให้ฟัง,,complain to me / 訴苦
หวังว่า,,hopefully / 希望如此
ส่วนตัว,,personal / 個人
บาง,用法： 通常結構係 บาง + 名詞 或者 บาง + 量詞。,"some / 某d, 一d"
บริหาร,,management / 管理
บ้าง,用法： 放喺句尾，或者動詞/代名詞後面。得當佢配搭 อยาก...（想……） 或者 ขอ...（求……） 呢類表達主觀願望嘅詞嗰陣，句尾嘅 บ้าง 先會轉化成「哪怕只有少少、畀我有份體驗下」嘅期盼感,"some / 仲有幾多, 仲有咩, 邊d"
ลาก,,"drag / 拉, 拖延"
ยาว,"可以用黎形容物件, 空間, 時間長度",long / 長
ลักษณะ,,nature / 性質
พอ...ปุ๊ป..,,just when…instantly… / 一….就即刻…
ตรงกัน,,correspond / 一致
ก็ได้,[動詞/名詞] + ก็ได้ = 「都得 / 都可以」,"fine with me / 都得, 都可以"
ก็ได้,[推測詞 (如 อาจจะ / Variable)] + ... + ก็ได้ = 「可能…吧 / 亦未可知」,hmm.. / 吧..
สิ่ง,,"thing, matter / 事, 單野"
ปล.,,"p.s. / 備註, 利申"
แชร์,,share / 分享
อารมณ์,,mood / 心情
เจ้าอารมณ์,,"emotional / 脾氣大, 情緒大"
ชั่วโมง,ชม. 係簡寫,hour / 小時
ประโยค,,sentence / 句子
ยินดีที่ได้ยิน,,happy to hear / 高興聽到
สอน,,teach / 教導
ทำไม...ถึง…,只要你想問「點解會噉樣樣嘅？」，中間都要塞個 ถึง,why do… / 點解…會…
แล้วก็,,and also / 同埋
ของที่,,things / d野
และ,和 (และ) 通常用嚟連接口語入面嘅單字（例如：我同你）。,"and / 和, 及"
แรด,"字面係解犀牛, 但一般講粗口用黎鬧女人用",bitch / 臭西
แม่ง,"แม่มึง 讀快左就會變左咁, 原意即係你老母","damn it / 頂, 仆街"
ถามซ้ำถามซาก,"死問爛問, 問到人唔耐煩先用",ask again and again / 問完又問
รำคาญ,,annoying / 好煩
ตั้งใจ,有時亦可解做 intentionally / 專登,"willing, focus / 專注, 用心, 打算"
บ้างดี,帶有命令/不爽既語氣,to an extent / 一下啦
ท่องอินเตอร์เน็ต,,surf the web / 上網
ทำอาหาร,,cook / 煮野食
วาด,,draw / 畫
การซื้อของ,,shopping / 購物
ขี้เกียจ,,be lazy / 懶
ยันเช้า,,"until morning / 通宵, 直至早上"
เล่น,,"play / 玩, 遊玩"
เล่นวิดีโอเกม,,"play video game / 玩電玩遊戲, 打機"
วิ่ง,,run / 跑
ยกเลิก,,cancel / 取消
หัวเราะ,,laugh / 笑
ล้าง,,wash / 洗
ก่อนที่,,before… / 響…之前
หน้าตา,,appearance / 外表
เคยมี...มาก่อน,,have you ever had…before / 以前曾經有過…
ทรัมป์,,donald trump / 侵侵
ประกาศ,,announce / 宣佈
สหรัฐฯ,,america / 美國
ข้อตกลง,,agreement / 合約
พายุทอร์นาโด,,tornado / 龍捲風
ใฝ่ฝัน,比 ฝัน 更高層次既夢想,"dream for, hope for / 夢想, 夢寐以求"
เผลอ,,"unguarded / 不經意, 情不自禁, 一不小心"
สะเพร่า,,careless / 不小心
ทุกเวลา,,"every moment, anytime / 無時無刻"
ชิด,,"near / 貼近, 靠近"
ชิดใกล้,,get close / 依偎
จืด,,"bland / 清淡, 無味"
ดิบ,,raw / 生
วิถี,指「道路、軌道、生活方式」（偏向抽象、宏大、文化或哲學層面）。,way / 方式
น้ำจืด,,fresh water / 淡水
อีสาน,,"isan / 伊浮, 泰國東北部"
จาน,,"plate / 盤子, 碟"
บั่นทอน,,"demotivate / 消極, 削弱"
ปรับเปลี่ยน,,"adjust, adapt / 適應,優化, 微調"
พยาธิใบไม้ตับ,,liver fluke / 肝吸蟲
พยาธิ,,"worm, parasite / 寄生蟲"
รายงาน,,report / 報告
คุณเป็นอะไร,,what’s wrong with you / 做咩事呀你
นอนเยอะๆ นะครับ,,sleep more / 訓多d
มอนิ่ง,,morning / 早晨
ไม่ได้,"如果擺係動詞後面, 意思會係 can’t","can’t / 唔得, 唔到"
มิน่าล่ะ,,no wonder / 唔怪之得
นอนหลับสบายดีไหมครับ,,did you sleep well / 訓得好嗎
จูบ,深吻,kiss / 錫
อย่าถือสาเลยนะครับ,,"don’t mind me / 唔好怪我, 唔好介意"
ครั้งหน้า,,next time / 下次
เลิกงาน,,off work / 收工
ประตู,,door / 門
โดนยิง,,shot / 射擊
นึกถึง,"意指突發, 突然諗到. 唔同 คิด 屬於主動去思考",think of / 想起
ลูกเรือ,,crew / 船員
ชื่อ,,name / 名字
ถูกเลิกจ้าง,,laid off / 被解僱
สัญญา,,"contract, agreement, promise / 合約, 答應, 承諾"
เรียกร้อง,,"request, demand / 請求, 要求"
เยียวยา,"用在心靈層面是 heal, 用在社會層面是 compensate. 讀 yell ya","heal, compensate / 治療, 補償"
ผู้สื่อ,,reporter / 記者
สะดุ้ง,,"flinch, be shocked / 抽筋, 打冷震"
คล้าย,,similar to / 相似
เหมือน,,"same, exact / 一模一樣"
เดียวกัน,當你要強調兩個人或事物「共享緊同一個本體」，中間無分開，就係用呢個。,same… / 同一個…
เช่นกัน,"多用於回應祝福或客套, 類似 Same to you","likewise, same to you / 你都係, 彼此彼此"
เหมือนกัน,,"the same, me too / 一樣, 我都係"
ผู้ช่วยกุ๊ก,,assistant cook / 廚師助理
กลาง,,"central, middle / 中央"
เขตปทุมวัน,,pathumwan district / 巴吞旺區
คนต่อไป,,next person / 下一位
รอดชีวิต,,survive / 生還
กี่โมง,,what time? / 幾點?
รถยนต์,,private car / 私家車
เงินดาวน์,,down payment / 首期
ฟรีดาวน์,,no down payment / 零首期
อัพเดต,,update / 更新
คอมเมน,,comment / 評論
แจ้ง,,announcement  / 告示
รีเทนชั่น,"同銀行做按揭三年後, 可要求做 retention 減息, 或再同另一間銀行做 mortgage",retention / 要求減息
เกินไป,,"over, excessive / 太過火, 過份"
ยาดม,,"inhaler / 鼻通, 吸入器"
สมุนไพร,,herb / 中草藥
ตรา,,brand / 品牌
จงเจริญ,新興熱門品牌,jongjaroen / 萬歲草藥
หาก,正式既書面語 if,"if / 假設, 如果"
ถ้า,口語化既 if,"if / 假如, 如果"
เรื่องราว,,"story / 故事, 劇情"
ซีรีส์,,series / 系列
เสนอ,,"advice, suggest / 建議, 表達"
นำเสนอ,,"present / 呈報, 提出"
วันไหน,,which day / 邊一日
นัดมา,,date me / 約我
เจาะลึก,,in-depth analysis / 深入研究
กระทู้,,thread / 帖子
ฮิต,,hit / 受歡迎
สะท้อน,,reflect / 反映
ความสัมพันธ์,,relationship / 關係
หลาก,,various / 各種各樣
บอกเลิกแฟน,,break up with partner / 同伴侶講分手
มิจฉาชีพ,,scammers / 詐騙集團
หมดตัว,,insolvent / 傾家蕩產
หัวข้อ,,"heading, caption / 標題"
โดนใจ,,heart catching / 中我心聲
เรามา,,"let us / 我地不如, 我地黎"
เลยดีกว่า,,"we better / 即刻黎, 事不宜遲"
ม้า,亦可以解作潮洲話既阿媽 mum,horse / 馬
ไหว้,,pay respect / 致敬
ไว้,,"hold / 捉實, 攬實"
รู้จัก,,"know, recognize / 認識"
หลุม,"原意係洞穴, 坑",grave / 墳墓
ศักดิ์สิทธิ์,,holy / 神聖
บ้านเดี่ยว,,house / 獨立屋
แบบนี้,類型係睇外表多d,this type / 呢類型
แบบไหน,,what kind / 邊一類
อย่างนี้,"類型係睇內在多d, 或者一d抽象概念. 擺響句首做轉折句既話 亦可以解做”既然係咁 / 噉嘅話…”",this kind / 呢樣
หรอก,帶有反駁反諷語氣,"not at all / 唔係好…啫, 唔係好…之嘛"
ล้าน,,million / 百萬
หรือยัง,,or not? / 左未呀?
ตัวจริง,,real one / 真身
ลูกหลาน,,"descendent / 後代, 子孫"
แป๊บหนึ่ง,,just a moment / 等一陣
รอเดี๋ยวนะ,,wait a moment / 等一陣
ฮวงซุ้ย,出自潮州字 “風水”,chinese grave / 華人墳墓
ทาวน์เฮาส์,,town house / 連排屋
เตี่ย,潮洲話既老豆,"chinese dad / 老豆, 爸爸"
ลื้อ,"潮洲話既汝, 即係你",chinese you / 你
อบอุ่น,,warm / 溫暖
อั๊ว,潮洲話既我,chinese me / 我
จะตาย,"例如熱到死, 易到死",slang too easy / 到死啦
สมัย,,"period / 時期, 年代"
บุหรี่,讀 boot ri,cigarette / 煙
เหม็น,,smelly / 臭
ยืม,"一般細額借貸, 或借用","lend, borrow / 借"
คืน,亦可以解作夜晚,"return / 退, 還"
เสียที,,"time to… / 一早就.. , 早就應該.."
แสน,,100 thousand / 十萬
ข้าม,,cross / 跨過
ตูด,,hip / 屁股
เป็ด,,duck / 鴨
ไก่,,chicken / 雞
จิ้ม,,"pointing at, stab / 刺, 戳, 指向"
จัด,,"place, arrange / 擺放, 整理"
พื้น,,floor / 地板
ปู,,pave / 鋪平
ไปแล้ว,或者亦都可以解做已經出發左,already done sth / 已經…左
ไง,"擺句尾時, 加強理所當然的語氣","to emphasize confirm / 咗囉, 咪..囉"
ทะลึ่ง,,"cheeky, sassy / 串咀, 無大無細"
ไม่ทัน,,"too late / 趕唔切, 來不及"
เช็งเม้ง,泰國華裔社會專指拜山活動,ching ming festival / 清明節
เอาแต่,,only care about… / 淨係顧住…
กู๋,潮洲話既舅父,chinese uncle / 舅父
ร้อน,,hot / 熱
แต่งตัว,,"dress up / 換衫, 打扮"
ปัก,,"pin / 督, 插"
ธูป,燒香用既香,incense / 香
นี่ๆ,,heyhey / 喂喂
ทักทาย,,greet / 問侯
อรุณสวัสดิ์,อรุณ 係黎明咁解,good morning / 早晨
เมีย,,"wife / 老婆, 妻子"
สักที,通常係擺係句尾做否定句,even once / 一次都
พา,"主要用響人, 或有生命既物體","take, bring / 帶"
โรย,,"sprinkle / 灑, 撒"
ฉิเชาะ,潮洲用語 “粗糙”,careless / 求其
เมฆ,日常口語版係 คลาวด์,"cloud / 雲端, 雲"
ไม่ได้เรื่อง,,"useless / 一事無成, 無用"
ปลิว,被風吹飄吹飛,"blow, fly / 飄, 飛"
ลม,,wind / 風
พัด,,blow / 吹
ไปทั่ว,,"go everywhere / 遍佈, 周圍去"
ด้าน,,direction / 方向
ด้านใน,,inside / 裡面
คนไข้,,patient / 病人
เจ้,,elder sister / 阿姐
กรอก,,fill in / 填寫
ไปรับ,,go pick up / 去接
จะได้,,"would / 就會, 就可以"
ฝาก,"亦有託付, 拜託既意思","deposit / 寄存, 交託"
ไว้ให้,,"give and keep.. / 交俾.., 留俾.."
มอเตอร์ไซค์,日常口語,"automobile, motorbike / 電單車"
ติดรถ,,free ride / 坐順風車
เฝ้า,,"guard / 管住, 睇住"
ตั้ง,用嚟強調「距離遠」、「時間耐」或者「數量多」,up to… / 去到…
รถไฟใต้ดิน,ใต้ดิน 係地下咁解,MRT / 地鐵
ย้อนคืน,"通常用響情感上, 非物理性",going back with time / 時光倒流
สายน้ำ,,river / 河
ไหลคืน,,flow back / 倒流
คนเก่า,,"old people, ex / 前人, 舊人, 前度"
หมุนเดิน,"通常用響機器轉動之類, 例如鐘, 風扇, 機器",spin and walk / 轉動並運作
เก็บไว้,,"keep, save / 保留, 收埋"
สบตา,,eye contact / 眼神接觸
นึง,,one / 一
สอง,,two / 二
สาม,,three / 三
สี่,,four / 四
ห้า,,five / 五
เจ็ด,,seven / 七
แปด,,eight / 八
เก้า,,nine / 九
ซึมซับ,,absorb / 吸收
สิบ,,ten / 十
ไฟไหม้,可以係燃燒任何野,fire burn / 起火
โรงเบียร์,,bistro restaurant / 酒吧餐廳
เพลิง,"ไฟ 係日常用語, ไฟ 亦可解電, 光等等","serious fire / 大火, 烈火"
เก็ตละ,,got it / 收到
สถานบันเทิง,,"entertainment venue, night club / 娛樂場所, 夜店, 酒吧"
บันเทิง,,entertainment / 娛樂
หมายถึง,"例如i mean, 即係 ผมหมายถึง","means, refer to / 意思係…, 係指…"
หมายความ,,"means, implied that / 含意, 意味"
คือ,"通常用嚟定義一個名詞. 唔需要響動詞用形容詞中間加佢. 現代中, 常用作加強語氣, 相當於廣東話的「真係……到爆 / 簡直就係……」. 簡單黎講: 身份用 เป็น，解釋用 คือ",is / 即係
เป็น,"通常後面跟「身份/職業」. 必定跟名字, 唔可以係跟形容詞. 真實泰文用法： A + เป็น + B（B 可以是身分、職業、狀態、疾病、結果、性質、事件）",is (role) / 係 (身份)
ณ,ที่ 的書面語高級化版,at / 在
ซอย,,alley / 巷
ลาดพร้าว,,lat phrao / 樂拋區
กลางดึก,,in the middle of the night / 深夜時份
สร้าง,,build / 建造
อาคาร,ตึก 係口語化版,"building / 建築物, 大樓"
บาดเจ็บ,,injured / 受傷
ไฟฟ้า,,electricity / 電力
เท่าไหร่,"幾高, 幾歲, 幾錢 都可以用呢個字","how much, how many / 幾多?"
เลข,,number / 號碼
หน่วยงาน,,ministry department / 政府部門
คลินิก,,clinic / 診所
เลขอนุญาต,,legal license / 法規執照
จ่าย,正式用語係 ชำระ,pay / 支付
ขั่นต่ำ,,"minimum / 最低, 最小"
รายจ่าย,,expense / 費用
รึ,หรือ 既口語化縮寫版,"or / 定係, 或者"
เอาแต่ใจ,,selfish / 只顧自己
คิว,,queue / 排隊
ต่อไป,通常指較近的時間點，或者代表一種連續性的動作。,"in future / 以後, 未來"
ป่ะ,รึเปล่า (rue-plao) 嘅極簡口語變音,right? / 係咪?
สัญญาณ,,signal / 信號
เนี่ย,語氣助詞. 主要用來「加強語氣、拉近距離、引起對方注意、或者表達情緒」。係屬於「即時、口語、有情緒」嘅專利,"lei / 呢, 㗎, 吖"
กรรมการ,,"director, examiner / 考官,  高官"
เออ,語氣助詞,er… / 呃…
ได้วัน,,confirm the day / 確定日子
มัวแต่,"同 เอาแต่ 唔一樣, 前者係帶有掛住做 A 而忘記 B 既意思, 後者就淨係講顧緊自己, 自私",focus too much on… / 淨係顧住…
ทั้งวัน,,whole day / 全日
แก๊ส,,gas / 煤氣
เอง,"有自己同..咋 2個意思, 但 เอง 本身一定要跟一個代名詞或者動詞","self, only / 自己, 咋"
เนื้อคู่,,soul mate / 靈魂伴侶
สึนามิ,,tsunami / 海嘯
ขณะนี้,,currently / 現在
อนาคต,通常是幾年甚至幾十年後的人生、發展、科技等,"future, long term / 長遠, 未來"
นิสัย,,character / 性格
แต่งงาน,,marry / 結婚
รับฟัง,比 ฟัง 更有意思去形容聽人訴苦,listen / 用心聆聽
สําหรับ,e.g. สำหรับฉัน เรื่องนี้สำคัญมาก,from the perspective of… / 對…而言
สําหรับ,❌ 錯誤 1：表示「時間長度」的 For. ❌ 錯誤 2：表示「動作的目的、去拿/去做」的 For（用「เพื่อ...」）❌ 錯誤 3：表示「幫忙、替某人做」的 For（用「ให้」或「แทน」）,exclusively for… / 為…而設
ซูเปอร์มาร์เก็ต,簡寫係 ซูเปอร์,supermarket / 超級市場
ไป...เพื่อ…,為了（表示目的、出發點）,go….for… / 去…為了…
ที่,"擺係句頭, 通常係代表 “之所以”. e.g. ที่ทำแบบนี้",that… / 之所以…
อีกแบบ,,another type / 另一款
น้อย,用黎形容數量,a little / 少
กามเทพ,,cupid / 愛神邱比特
ขี้หน้า,,dirt on face / 臉上的垢
เนื้อตุ๋น,ตุ๋น (tun) 除了指燉肉，在口語裡也是「欺騙、設局詐騙」的意思！,braised beef / 燉牛肉
ต้ม,但在泰文口語裡，「ต้ม」就是「欺騙、愚弄」（例如：โดนต้ม = 被人當傻仔咁呃/煮熟）,boil / 煲
เปื่อย,,"rot, decomposed / 爛透, 散晒"
ด่า,,"scold / 罵, 鬧"
มุก,,"joke, gag / 笑話"
นัก,例如 นักเรียน 學生、นักร้อง 歌手,a guy who is enthusiastic at sth / 熱衷於某事的人
นักรัก,,pro at love / 愛情專家
กลายเป็น,,became / 淪為
ตอนจบ,"側重於「時間、故事或某個過程的結束那個點/部分」, 多用於劇集, 電影等","ending, at last/ 結局, 劇情結局"
ละครไทย,,thai comedy / 泰劇
เกี่ยวดอง,意思是「結為親家、結成姻親關係（也就是結婚）」。,connect / 連結姻親
ก็ได้แต่,,only can… / 但也只能…
เจ็บกระดองใจ,"กระดอง 係硬殼, 意思即係外表堅硬如殼既心都被傷害",broken heart / 心碎
ดอกไม้,,flower / 花
ตอม,意思是「（昆蟲）聚集、圍繞、叮咬、吮吸」。例如蜜蜂圍着花朵（ผึ้งตอมดอกไม้）,"surround / 圍住轉, 摟"
แมงเม่า,,moth / 飛蛾
กองไฟ,,bonfire / 火堆
ผุดผ่อง,,bright / 晶瑩剔透
ยองใย,,"clear and fine / 纖細, 細致"
น้ำใต้ศอก,意思做第三者 / 飲人哋嘅洗手水 / 執人手尾,water under elbow / 手肘下的水
เช็ด,,"wipe / 擦乾, 擦拭"
เกิดมาเป็น,,born to be… / 一出生就是…
ไม้เลื้อย,「ไม้เลื้อย」經常用來比喻地位卑微、沒有依靠、普通甚至微不足道的人。,climbing plants / 攀附型植物
หมายปอง,,"hope, desire / 渴望, 傾慕"
ไม้ดอก,象徵美麗、高貴、受人矚目、值得被好好呵護的人,"fresh flower plant / 鮮花, 觀賞型檀物"
ความลับ,,secret / 秘密性
ภาวนา,「內心冥想 / 祈願 / 修心」，側重於心靈與精神的專注,pray / 祈禱
ยันต์,,talisman / 符咒
เต็ม,,full / 滿晒
ผี,,ghost / 鬼
ย้อนรอย,,trace back / 回顧
ถล่ม,「由高處排山倒海般塌下、砸下」，伴隨巨大的物理破壞力,collapse / 倒塌
ประวัติศาสตร์,,history / 歷史
นครราชสีมา,簡稱 柯叻府 korat,nakhon ratchasima / 那空叻差是瑪府
ราบ,,flat / 平坦
ชั้น,,floor / 層
หน้ากลอง,災難黎講形容「夷為平地」、「掃到清光」、「變咗平地」,drumhead / 鼓面
หายนะ,,"disaster, catastrophe / 災難, 重大事故"
ความประมาท,"法律用語, 構成嚴重事件","careless, negligence / 疏忽, 疏失, 大意"
วิศวกรรม,讀 wit sa wa garm,engineer / 工程
โยธา,,civil / 土木
คร่า,,kill / 殺死
เมือง,,city / 城市
ซากปรักหักพัง,,ruins / 廢墟
น้ำท่วม,讀 nam tuam,flooded / 水浸
แขก,,guest / 訪客
ทับ,,"overlap, suppress / 壓制, 壓住"
ตอนดึก,,late night / 深夜
อีก,當 อีก 擺喺名詞前面或者中間，通常用作計量或修飾,"other, another, more / 其他, 另一, 再多"
อีก,當 อีก 擺喺整句嘅最尾，佢主要用作「加強語氣的副詞」,"again, even / 又再, 甚至"
รับชม,,"watch / 觀看, 收看"
คลิป,,clip / 片
เขิน,,"shy / 怕醜, 害羞"
วง,,"band / 樂隊, 樂團"
ทำท่าทาง,,"make gesture / 做手勢, 擺姿勢"
ให้ดู,,let you see / 俾你睇
รอยยิ้ม,"noun, ยิ้ม 係動詞","smile / 笑容, 笑臉"
โอ๊ย,語氣助詞,"oh! / 唉!, 哎唷!"
ไมค์,,"microphone / 咪, 錄音器"
คนดู,,audience / 觀眾
มา,如果加響動詞後面表示動作持續了一段時間,come / 來
นาน,只可以用黎形容時間長度,long / 長
ไลน์,,LINE / LINE 通訊軟件
แก,通常用在朋友、平輩，或像外婆對孫子這種帶有親暱、隨性的稱呼,you / 你
เครื่องเล่นเกม,,game player / 遊戲機
จอง,,pre-order / 預訂
เลขบัตร,通常指身分證號碼、銀行卡號或信用卡號,card numnber / 卡號
บัตรเสริม,,supplementary card / 附屬卡
ตัด,當信用卡的額度被用盡或是到期要扣款時，泰語常用「ตัด」來形容,"debit / 扣款, 結算"
ตลก,,funny / 搞笑
ดรอปเรียน,,"drop out of school / 休學, 輟學"
แคสเกม,,cast game / 遊戲實況
เพื่อจะมา,,to come to… / 為了要來…
เกษียณ,,retire / 退休
โปรด,"書面語既 please , 口語版通常用 ช่วย 或 ขอ",please / 請
ยอมรับ,,"accept / 接受, 同意"
นโยบาย,,policy / 政策
ข้อมูลส่วนบุคคล,,personal information / 個人資料
ใช้งาน,通常指科技、系統、App、車輛、或者是大商舖的設施「投入使用」,"use / 使用, 啟用"
ล้ม,,fall / 跌倒
ปน,,mix / 混雜
ยาถ่าย,,laxative / 瀉藥
ลำไส้,,guts / 腸道
เช็ก,,check / 檢查
เมื่อเช้านี้,,today morning / 今日早上
ผลตรวจ,,test result / 檢查結果
มะเร็ง,,cancer / 癌症
ระยะ,,"phase, stage / 期, 階段"
นั่นไง,,"that’s it / 早就說了, 你看吧"
สวด,「唸出來 / 頌唱」，側重於聲音的表達,"pray / 誦經, 禱告"
เยี่ยม,,visit / 探望
เครียด,,stress / 有壓力
จ้าง,,hire / 僱用
เป็นเงินเป็นทอง,原意係”是銀是金”,"be precious / 分秒必爭, 寶貴, 珍貴"
กง,,"grandpa / 公公, 阿爺"
การรอคอย,,long waiting / 漫長的等待
คอย,帶有一種「隨時留意、默默守護」嘅責任感,"constantly, keep doing / 持續地, 常常, 一直, 時刻"
ผอมลง,,lost weight / 變瘦
นี่แค่,,it’s just… / 這只是…
บัง,,"shield, block / 阻擋"
โอ้โฮ,語氣助詞,ohho! / 阿哈!
เฮ้ย,語氣助詞,hey! / 哇!
ร้าย,,"evil, bad / 邪惡"
หว่า,"語氣助詞, 用來表示「看來...」、「原來是這樣啊」（帶有一點驚訝、發現了某種真相的語氣 )",ahhh / 呀
ฉี่,,pee / 小便
ผ้า,,cloth / 布
ตุง,,"swell out / 隆起, 腫脹"
เตียง,,bed / 床
หลาน,,"grandchild / 孫子, 孫女"
โธ่,"語氣助詞, 用來表達「哎呀」、「可憐的」、「真是的」，帶有惋惜、心疼或同情的語氣。",ai! / 哎!
รวย,,"rich / 高收入, 富有"
เข็มขัด,,belt / 皮帶
เส้น,,unit classifier / 條
แท้,,"real, true / 真正的, 真的"
ป๊า,潮洲話版的阿爸,dad / 爸爸
ฉลาด,,smart / 聰明
ซี้ซั้ว,帶有強烈的批評語氣,"indiscriminately / 胡亂地, 是但, 求其"
แบ่ง,,"separate / 分開, 分配"
สมบัติ,,"property, wealth / 財產, 遺產"
ส่วน,,while / 至於
โปรดทราบ,,please note / 請注意
ขบวนรถ,,convoy / 車隊
บ้านตึกแถว,,row house / 排屋
วินเทจ,,vintage / 復古
ทรง,,style / 風格
พวกมึง,,you guys / 你班友仔
ก๋วยเตี๋ยว,泰式麵條,noodle / 粿條
เอ็นแก้ว,,"tendon / 肌腱, 筋"
พร้อมกัน,帶有同步一齊做發生或同步一齊做既意思,"together / 一起, 一齊"
นับถือ,,worship / 信奉
ปลาตะเพียน,,carp fish / 鯽魚
เจ้าแม่กวนอิม,,goddess of mercy / 觀音娘娘
ทอด,,fry / 炸
มิชลิน,,michelin / 米芝蓮
น่ากิน,,tasty / 睇落好食
หรือไง,"語氣助詞, 帶有少少反問或調侃嘅語氣",oh? / 咩?
กระทะ,,"frying pan / 鑊, 煎鍋"
หา,語氣助詞,ha? / 下?
หรอก,語氣助詞，用喺否定句尾，加強語氣，表示「根本唔會」、「肯定唔會」,certainly not / 肯定唔會
อิ่ม,,"full / 滿, 飽"
ชง,例如沖茶,brew / 沖
จัดการ,,"manage / 處理, 搞掂"
ตื่นนอน,,"wake up / 訓醒, 起身"
จำได้,,remember / 記得
แปรง,,brush / 擦
ตัวชี้วัด,,"indicator, KPI / 指標"
พวกเขา,,they / 佢地
สำเร็จ,,succeed / 成功
ยอดขาย,,sales figure / 銷售額
คะแนน,,score / 分數
ชี้วัด,,"indicates / 反映, 顯示"
ความเข้าใจ,,understanding / 理解程度
ผล,,prefix of fruit / 水果前綴
ผล,加響字前面會變成 noun,"result, effect, outcome / 成果, 結果"
ตอบแทน,動詞,"reward / 報答, 報酬"
ผลตอบแทน,名詞,"reward / 收益, 回報率"
สามารถ,"強調個人能力或客觀條件允許, 重點： สามารถ 一定放在動詞前面，而句尾可以加 ได้ 來讓句子更自然 complete。

別人問你問題： 回答「可以 / OK」時，只能講 ได้（dai），絕對不能單講 可以 / สามารถ。","can / 能夠, 可以做到"
จำนวน,,quantity / 數量
ลงโทษ,,punish / 懲罰
ที่มา,,"background / 由來, 背景"
จำคุก,"ขัง 係輕一級既關押或囚禁用, 書面語、法律判刑專用",imprisonment / 監禁
เวฟ,,wave / 加熱
ไต้หวัน,,taiwan / 台灣
เดี๋ยวนี้,強調「此時此刻」（Right now），常用於催促、命令或強調目前的當下,"immediately, now / 立即, 即刻"
ขออภัย,正式用語,apologize / 道歉
อักษร,,alphabet / 字母
พิมพ์,,"type, print / 打字, 拼字, 印"
ตกหล่น,,miss out / 遺漏
มือถือ,"มือ 係手, ถือ 係拿",mobile phone / 手提電話
ถือ,,"hold, carry / 拎住, 拿住, 揸住"
เหมาะสม,,appropriate / 適當
ประสบการณ์,,experience / 經歷
อิสระเสรี,,freedom / 自由
เพียง,,just / 僅僅
กลางวัน,,middle of the day / 日頭
จุด,,"point, spot / 點, 關鍵"
วัดดวง,,test one’s luck / 考驗運氣
ทีเดียว,擺係句尾加強語氣代表「這一下非同小可」,"right away / 一下子, 絕對"
ปลายเดือน,,"end of the month / 月尾, 月末"
เช็คอิน,,check in / 辦理入住
ลิฟต์,,lift / 𨋢
ป้าย,,"signal / 指示牌, 告示牌"
ถัดมา,,"next, followed by / 緊接住, 隔離就係"
มองหา,,"search / 尋找, 搵"
มั่ว,,"random, confusing / 亂黎, 混亂"
วน,,circle / 圓圈
ตั้ง,,set / 設置
ตั้งหลัก,,stand firm / 重整旗鼓
ไล่หา,比普通的「หา」更有耐心同有過程感,search through / 逐個逐個去搵
ไล่,,chase / 追趕
ทีละ,,one by one / 逐個
ทางออก,,exit / 出口
ห้องฉุกเฉิน,,emergency room / 緊急逃生房
หนีไฟ,,fire escape / 防火逃生
คีย์,只負責：科技、音樂、密碼卡、或者抽象嘅「關鍵（Keyword）」,key / 鎖匙
คีย์การ์ด,,key card / 匙卡
แอร์,,air con / 冷氣
แอร์,,flight attendant / 空中服務員
เย็น,正常爽既涼,"cold, cool / 凍, 涼, 涼爽"
หนาว,,"very cold / 勁凍, 寒"
วาบ,,flash / 閃過
พุ่ง,,"dash, eject / 噴出, 衝出"
ฟูฟู,,fufu sound / 呼呼聲
เบาๆ,,"lightly, gently / 輕輕地"
โต๊ะเขียนหนังสือ,,writing desk / 書台
โต๊ะ,讀 door,"table /  台, 檯"
กาน้ำร้อน,,kettle / 熱水壺
ตู้,,cabinet / 櫃
ตู้เย็น,,fridge / 雪櫃
ซักพัก,正式書面語係 สักพัก,a while / 一陣間
ม่าน,,curtain / 窗簾
ของใช้,,necessities / 日用品
ขน,適用於人類（非頭頂）＋ 所有動物,"body hair, fur, feather / 毛髮, 體毛, 羽毛"
ต่างๆ,,"various / 各種, 各樣"
ปลุกใจ,,"inspire, arouse / 壯膽, 激勵, 打氣"
ด้วยการ,"後面跟動作, 動詞. 好正式書面用詞, 無咁正式係係用 โดยการ 但都偏書面, 平時口語既時侯連呢兩個字都唔會用, 可能直接用 เอา 或 ใช้",by… / 透過…的方式
ทิ้งตัว,,throw oneself / 撻個身落
ทิ้ง,"強調結果與目的, 它強調的是意圖——這個東西我不要了、我要處理掉它","throw away / 扔, 拋"
เด้ง,,bounce back / 反彈
ไลฟสด,,live streaming / 現場直播
เสื้อผ้า,,clothes / 衣服
อาบน้ำ,,shower / 洗澡
ดัง,,loud / 大聲
ช่อง,,channel / 頻道
รายการ,,program / 節目
หายๆ ติดๆ,,intermittent / 斷斷續續
กด,,press / 按
ติดๆ ดับๆ,,intermittent / 斷斷續續
นวด,,massage / 按摩
ส่องกระจก,,look in the mirror / 照鏡
ทา,,"apply / 搽, 塗抹"
เร่ง,,"speed, urge, put on / 加速, 加快, 推高"
ทาครีม,,apply cream / 搽 cream
เบาเสียง,,lower the volume / 較返細聲d
ขีด,,each line / 一格格
ซะเลย,,"just do it / 索性, 乾脆"
แผนการ,專指「一系列有步驟、有目標嘅行動計畫/謀劃」，語氣更正式,plan / 計劃
ทุบ,,"smash, knock / 敲"
ตะโกน,,shout / 大叫
ข้างห้อง,,next room / 隔離房
จังหวะที่,,the moment… / 正當…既時侯
ตาแมว,,cat’s eye / 防盜眼
สกปรก,,"dirty / 髒, 污糟"
ภูมิใจ,讀 poom jai,proud / 驕傲
ยิ่ง... ยิ่ง…,"例如 ยิ่งทำ ยิ่งดี 越做越好. 如果單字咁用 意思係 “越加”, “更加”",become more… / 越…越…
ภูมิใจไทย,泰國的其中一個主要政黨,phum jai thai / 泰自豪黨
ไอลอว์,泰國知名的一個 NGO,ilaw / 法律與社會正義基金會
ฝ่าย,例如： 在野黨、反對派,"party / 派別, 陣營"
แกะรอย,,"trace / 追蹤, 追查"
ตัวละคร,如果用響訴訟入面就係涉案人物,character / 故事人物
สั้น,,short / 短
สว.,,senator / 參議員
ฮั้ว,,"collusion, bid rigging / 串通, 圍標"
เหตุใด,ทำไม 係口語. ใด 係解做咩/邊個,"why / 何故, 為甚麼"
นับ,,"count / 計, 算"
ผู้คน,,"people / 人民, 人們"
พัน,,thousand / 千
จึง,"เลย 係口語版. 語法公式： [ 原因 ] ＋ [ 結果的主語 ] ＋ จึง ＋ [ 結果的動詞 ]. งั้น 既書面語版, 常配合 เพราะ 使用. 絕少擺在句頭. 例句: ฝนตกหนัก เขาจึงไม่มา","therefore, so, then / 所以, 因而"
ประท้วง,,"protest / 抗議, 遊行"
ร่วม,,"join / 參與, 加入"
พรรค,通常指向政黨,"party / 黨, 派"
นำ,,lead / 帶領
แมลงสาบ,,"cockroach / 小強, 蟑螂"
อุปกรณ์,,"equipment / 機器, 儀器"
ตั้งครรภ์,口語化版係 ท้อง,pregnant / 懷孕
เสียอีก,"語氣助詞, 放響句尾, 帶有 “意想不到”, “估佢唔到” 既意思","even more… / 反而更…, 甚至更…"
น่าสนใจ,,sounds interesting / 令人感興趣
การแจ้งเตือน,,notification / 通知
แจ้งเตือน,,warn / 警告
อุปกรณ์ติดตามสุขภาพ,例如 Oura ring,health check equipment / 健康檢測儀器
ผิดปกติ,,abnormal / 不沉常
แหวน,,ring / 戒指
อัจฉริยะ,,"genius / 聰明, 智能, 天才"
ทุจริต,,corrupt / 貪污
ท้องถิ่น,,"local / 本地, 地方"
ข้าราชการ,,civil servant / 公務員
แข่งขัน,,compete / 競爭
บรรจุ,讀 ba ju,contain / 包含
พนักงาน,,employee / 員工
คณะ,正式用語,"group / 團, 委員會, 院方"
กสถ.,,civil service commission / 公務員委員會
ระบุ,,specify / 指定
นายกรัฐมนตรี,,prime minister / 總理
อนุทิน ชาญวีรกูล,,anutin charnvirakul / 阿努廷總理
มั่นใจ,,confident / 信心
สูงสุด,,maximum / 最高
เหตุผล,指人做某個決定、採取某個行動背後嘅理據、邏輯、藉口或解釋。,reason / 原因
หมอ,書面語版係 แพทย์,doctor / 醫生
พล.ต.อ.,讀 pon dam ruat eek. 泰國警察最高軍銜,police general / 警察上將
นางสาว,,miss / 小姐
อาจารย์,專指大學教授、講師、導師. 帶有更強烈嘅「學術權威」同「尊敬」意味,professor / 教授
จดหมาย,,letter / 信件
อีเมล,,email / 電郵
โรงเรียน,,school / 學校
มหาวิทยาลัย,讀 maha vittiya lai,university / 大學
คุณครู,比較貼近基礎教育階段，感覺溫和、親切。,teacher / 老師
นักศึกษา,,"undergraduate student / 大學生, 大專生"
ห้องสมุด,,library / 圖書館
สมุด,,notebook / 筆記本
ดินสอ,,pencil / 鉛筆
ติดกับ,,"stick together / 痴住, 緊貼"
สมุดโทรศัพท์,,phone book / 電話簿
โทรศัพท์,,phone / 電話
เสื้อ,,shirt / 衫
ลด,,"reduce / 減, 折"
ตั๋ว,,ticket / 票
ช้าง,,elephant / 象
สาย,指「有起點終點的路線、系統通道、帶狀粗線」,"route, line, cable / 粗線, 長帶"
ตั๋วช้าง,"泰國政界及警界著名流行語, 指”大象特權兵單”, 形容有皇室或高層背景作靠山, 繞過正常年資而晉升",elephant ticket / 大象票
เส้น,指「幾何學上的線、細長條狀的物體」,"line / 幼線, 直線"
เส้นทาง,書面語版係 สายทาง,route / 路線
ได้เป็น,,able to be / 能夠成為
ว่าที่,,"acting of / 擬任, 準"
ผบ.ตร.,全寫係 ผู้บัญชาการตำรวจแห่งชาติ. 係全泰國最高級嘅警察首長,police chief / 警界一哥
อภิปราย,讀 a pit brai. 非常正式,"debate, discussion / 研討, 辯論"
สมาชิก,,member / 會員
ไม่ไว้วางใจ,,untrust / 不信任
โจมตี,,attack / 攻擊
กลุ่มฮูตี,,houthi group / 胡塞武裝組織
ทะเล,,ocean / 海洋
แดง,,red / 紅
อ้าง,,claim / 聲稱
พอใจ,,satisfied / 滿意
คนรุ่นใหม่,,new generation / 新世代
โอน,,transfer / 轉移
วัยรุ่นเจนซี,,gen z teenager / Z 世代青年
อาจจะ,書面語被用返 อาจ,"might, maybe / 可能, 有機會"
ผลลัพธ์,,result / 結果
ธรรมาภิบาล,,good governance / 良好管治
มากกว่า,,"more than / 多於, 勝於"
อุดมการณ์,,ideology / 理想主義
ดังนั้น,偏向正式、書面、嚴謹嘅邏輯因果,so / 因此
มรดก,,heritage / 遺產
ตกทอด,,entail / 包含
เอกลักษณ์,讀 ek ga lark,"unique / 唯一, 獨特"
ครู่,,moment / 片刻
ระบาย,,vent / 發洩
ประชาชน,,population / 人口
เกรี้ยว,,indignantly / 憤慨地
แตกต่าง,後面通常會跟 จาก,"difference / 差異, 不同之處"
ต่าง,,"each, various / 各自, 不同"
เหี้ย,,goddamn / 賤人
ตบ,,slap / 拍打
หนี้,,debt / 債務
ตี,,"hit, beat / 打"
เฮีย,,"brother / 哥, 大佬"
สักครั้ง,,once / 一次咁多
คว้านท้อง,,seppuku / 剖腹
เดือด,,"boil, heat / 火爆, 熱血"
ทวง,,"demand / 追討, 索要"
แค้น,,"revenge / 復仇, 怨恨"
อิณาทานํ ทุกขํ โลเก,"源於巴利文, 泰國佛教常用的字句",bearing debt is tortune / 在這世上負債是痛苦的
เป็นสุข,,bring happiness / 帶來快樂
ธรรม,,"fair / 真理, 哲理, 正道"
เป็นทุกข์,,suffering / 帶來痛苦
โยม,,layperson / 普通信眾
การที่,,the fact that… / 之所以…
ทั้งหลาย,"專門用於人, 比較正式或帶宗教色彩","all / 眾位, 大家"
เพื่อที่จะ,,in order to… / 為了要…
ชดใช้,,recoup / 補償
ตนเอง,書面語版,"oneself / 自身, 本人"
หนี้กรรม,,karmic debt / 業債
ก่อ,,"produce / 造成, 肇事"
มีไว้,,is used to… / 是用來…
คุก,,jail / 監獄
ขัดเกลา,,"refine / 磨練, 改造"
สำนึก,,"sense, realize / 反省, 覺悟"
เข็ดหลาบ,,"learn a lesson / 學乖, 吸取教訓"
ลิ้มรสชาติ,,taste the flavor / 品嚐…的味道
ใกล้จะ,,"is gonna, soon / 快將, 將要"
ตามสมควร,,appropriately / 適當地
พ้นโทษ,,release from prison / 刑滿出獄
กลับเนื้อกลับตัว,,reformed / 重新做人
ประพฤติ,書面語版. 讀 bra pruit,behave / 行為
สาธุ,源自梵文/巴利文的祈願詞，在泰國佛教中用於表達「善哉」,amen / 善哉
พร,是名詞,blessing / 祝福
ถ้ำ,,"cave / 洞穴, 山洞"
โน่น,形容遠距離,that / 果度
หลวงพ่อ,,"reverend father / 師父, 高僧"
พ้นทุกข์,,free from suffering / 遠離苦難
เริ่มต้นใหม่,,start again / 重新開始
ทำมาหากิน,,make a living / 謀生
คิดไว้,,"thoughtful / 想清楚, 想好"
มั้ย,書面語版係 ไหม,right? / 嗎?
ลูกศิษย์,,"student / 信徙, 弟子"
อาตมา,憎侶對自己的謙稱,I / 貧憎
ขับรถ,,driving / 揸車
ส่งของ,,send goods / 送貨
อยู่พอดี,,right the moment / 剛好正要
ช่วยฝากให้,,please pass it to.. / 幫忙託付給…
ด่วน,,"hurry, urgent / 急, 緊急"
เพชร,讀 pad,diamond / 鑽石
ส่งด่วน,,express delivery / 速遞
เลี้ยง,,raise / 飼養
แก้เหงา,讀 gae ngau,cure loneliness / 解除寂寞
เมตตา,,"mercy / 慈悲, 憐憫"
เอ่อ,語氣助詞,err… / 呃…
หน่อไม้,,bamboo shoots / 竹筍
ไข่ดาว,,"fried egg / 煎蛋, 太陽蛋"
ราด,指將液體、醬汁、湯汁或淋醬倒在、澆在另一個物體（通常是食物）的表面上。,"pour / 澆, 淋"
ยาย,,grandma / 阿婆
น้า,,uncle / 叔叔
ตังค์,,"change / 零錢, 找錢"
อ้าว,語氣助詞,aww / 哎呀
เอานะ,,"come on / 好啦, 唔好扭計"
เท่านี้,客觀,only this / 只有這麼多
เอาไป,,"take it / 拿去, 拎走"
แค่นี้,"主觀, 帶有情感",only this / 淨係得咁多多
โถ,語氣助詞. 表示惋惜、無奈或感嘆的語助詞,ai! / 唉!
ฮะ,"語氣助詞, 加強不滿情緒",ha / 下!
โว้ย,,"hey! / 喂!, 屌!"
อีแก่,帶有貶義,"old woman / 老女人, 老西"
เสือก,,"obtrusive / 礙眼, 阻頭阻勢, 多管閒事"
ติดหนี้,,own debt / 欠債
จ่ายแทนเอง,,i will pay for it / 我來代付
ดอก,書面語版係 ดอกเบี้ย,interest / 利息
ไม่ค่อยดี,,not so good / 不太好
พี่ชาย,,"big brother / 大哥, 大佬"
ไหนว่าจะ,,didn’t you say so? / 之前不是說好了?
ต้น,"เงินต้น 的簡稱, 亦即本金",principle / 本金
เท่า,,even / 倍
อย่าให้,,don’t let… / 不要令…
ข้างหน้า,,front / 前面
จ้ะ,"女性專用, 更有親切感","lady politeness / 啦, 囉"
ครับผม,,yes sir! / 遵命!
เข้ามา,,come in / 入黎
ขอบใจ,"只有上司對下屬, 前輩對後輩, 或超熟朋友可以用, 一般情況下唔可以講",thank you / 多謝
กินน้ำกินท่า,"常用語, 字面意思是「喝水歇息、梳洗整頓」，常用來招待客人進屋歇腳、放鬆。",drink water and get rest / 飲水歇息
พ่อหนุ่ม,,young man / 年輕男人
ยก,,"take, lift / 托, 抬"
ก็แค่,,so just / 就只有
หายหัว,帶有抱怨埋怨等貶義,"disappear / 神隱, 潛水"
ส่งเสีย,,financial support / 經濟支援
เบี้ยคนชรา,,elderly allowance / 老人津貼
คนแก่,書面語版係 คนชรา,elderly / 老人家
เบี้ย,或者都可以用作保費既意思,subsidy / 津貼
ข้าวแกง,,curry rice / 泰式咖哩飯
กัดฟัน,"意思係忍辱負重, 咬牙堅持",gritting teeth / 咬緊牙關
กู้,涉及較大金額的借貸,"borrow / 借, 貸"
รถเข็น,,trolley / 手推車
ทำขาย,,make for sell / 做去賣
ข้าวของ,,"belongings, items / 物品, 雜貨"
วันละ,"通常後面都會跟一個數量, 例如每日三粒藥",everyday with… / 每日…
หาจากไหน,,find from where / 響邊度搵
ปัญญา,,"intelligent / 智慧, 能力"
ใช้คืน,,repay / 償還
คุ้มครอง,,protect / 庇佑
พระ,,"monk, preacher / 佛牌, 僧侶, 神明"
หมดหนี้,,"debt-free / 清數, 無數"
ละนะ,語氣助詞，用來作結或確認某個協議、決定,then / 啦咁
ปีก,,wing / 翅膀
เทวดา,,angel / 天使
ล้ม,,fall / 倒下
เนื้องอก,,tumor / 腫瘤
สมอง,,brain / 大腦
งอก,,germinate / 增生
ชักเกร็ง,,convulsions / 抽搐
อาเจียน,,vomit / 嘔吐
หมดสติ,,unconscious / 失去意識
หูแว่ว,,auditory hallucination / 幻聽
เกิดอาการ,,have symptoms of.. / 出現…的症狀
ภาพหลอน,,hallucination / 幻覺
ชนิด,多用於醫學方面的正式詞,"type / 性質, 本質"
ผ่าตัด,,surgery / 做手術
อันตราย,,dangerous / 危險
ฉายรังสี,放射治療用呢個 term,"radiation / 放射, 幅射"
ประคับประคอง,"醫學上當無法做任何野時, 可以做的舒緩治療","sustain / 維持, 舒緩痛楚"
เหลือ,,remaining / 剩餘
แก๊ง,,"gang / 幫派, 黑幫"
ทวงหนี้,,chasing debt / 追債
แจ้งความ,,call the police / 報警備案
สถานีตำรวจ,,police station / 警察局
ร้อยเวร,呢個唔係單一嘅「軍銜」，而係一個「輪值職務」,police officer / 值班警員
ประจำวัน,,daily / 日常
นอก,必須搭其他名詞,out of / ……以外
กู้นอกระบบ,,informal loan / 借貴利
รื้อ,,"destroy / 拆毀, 砸"
หมวก,,hat / 帽
ดิ๊,"語氣助詞, 帶有催促的命令語氣",hurry up / 快
ออกจาก,,come out from… / 從…出來
รุมตี,,gang and hit / 圍毆
นักเลง,,gangster / 流氓
กวน,,disturb / 打搞
ตัวโหด,,"brutal one / 殘暴的人, 狠角色"
ตั้งเยอะตั้งแยะ,,too many / 多到不得了
ด้วยซ้ำ,,even so.. / 甚至連…
ลงมา,,come down / 落黎
ครึ่ง,,half / 一半
ตรงไหน,,which part / 邊個位
เจ๊,,"older sister / 姐, 大家姐"
ว่าไง,,"how is it going? / 咩事呀?, 點呀?"
ป้า,,"aunt / 阿姨, 阿嬸"
ไอ้ควาย,,idiot / 死蠢
เทป,,tape / 膠紙
มัด,,bundle / 捆綁
กู้ภัย,,"rescue, disaster relief / 搜救, 救災"
ไหม้เกรียม,,scorched / 燒焦
พนม,泰國人祈禱、拜神或表達敬意時雙手合攏嘅手勢,phanom / 雙手合十
คา,,"remain stuck / 卡住, 戟住"
ประตูเหล็ก,,iron gate / 鐵閘
แต่พูดก็พูดเถอะ,,"but…anyways.. / 話雖如此.., 話時話…"
ได้ทัน,,just in time / 及時
แผล,,wound / 傷口
รักษา,,"cure, treat / 治療"
เบื้องต้น,,"basic / 基本, 初步"
เสี่ยง,,risk / 風險
ติดเชื้อ,,infect / 感染
ทรุดหนัก,,deteriorate / 惡化
เบอร์ติดต่อ,,contact number / 聯絡電話
ญาติ,,"relative / 親戚, 親屬"
บนขอ,,"request for, make wish / 祈求, 許願"
หายป่วย,,recovered / 康復
ถึงเลิก,,"give up / 放棄, 發展到分手"
ตำ,煮嘢食時常用,crush / 搗碎
ระวังเหอะ,,"watch out!, be careful! / 小心d啦!"
ชน,亦可以解做碰杯 cheers,crash / 碰撞
ป๊าบ,模仿拍打的聲音,pop / 拍打
กาว,,glue / 膠水
โคตร,,"extremely / 極度, 超級"
หยอด,,drop / 滴入
จมูก,,nose / 鼻
เพลเยอร์,,player / 玩家
แต้ม,,"mark, point / 分數, 點數"
ยืมเงิน,,borrow money / 借錢
ต่อทุน,,principle turnover / 周轉
ไง,,"hey / 喂, 點呀"
ดาบ,在泰國警察階級中，常用作 ดาบตำรวจ (級別相當於高級警長/士官長) 的簡稱,"sword / 刀, 劍"
ก้อง,,"resoundingly, vibrate / 迴響, 震動"
เป่า,,blow / 吹走
เป่าคดี,,"cover up case / 脫罪, 私了"
หวัดดี,"「สวัสดี」嘅口語縮音. 千萬不能對長輩使用, 只適合平輩後輩或非常好朋友",hello / 你好
เฮงๆ,潮州話借詞，泰國人經常用嚟祝人生意興隆或走運,good luck! / 有好運!
ต่อๆ,重複兩次表示催促或接下去,continue.. / 繼續繼續..
แพ้,,lose / 輸
แก้ผ้า,,take off cloth / 除衫
เคลียร์,,clear / 解決
เหี้ยไร,,what the fuck / 搞乜撚野
มูลนิธิ,,foundation / 基金會
ตะวัน,,sun / 太陽
แกล้ง,,"tease / 戲弄, 逗"
ผึ้ง,,bee / 蜜蜂
จ้อง,,"stare / 注視, 睥, 盯"
ห้าม,,prohibit / 禁止
ขู่,,"threaten / 威脅, 恐嚇"
ก่อเรื่อง,,"make trouble / 生事, 搞事"
ซ้ำซาก,,repeatedly / 一而再再而三
ดีแต่,,only know.. / 淨係識得…
ห้างสรรพสินค้า,,department store / 百貨公司
เอากัน,,make love / 搞野
ช่าง,,let it be / 由得佢
ขยะ,,"garbage, trash / 垃圾, 廢物"
จะเอาดีได้,,"will succeed / 將來會成功, 將來會出人頭地"
ลูกกะจ๊อก,,"minion / 手下, 小卒"
ตอนไหน,可以用喺過去或未來，著重問緊邊一個 specific 嘅 moment,"when / 幾時, 邊個時間點"
กระทืบ,,"crunching / 踩踏, 毒打"
อย่างกับ,,like / 好似
พ่อง,源自「พ่อมึง」,your father / 你老豆
เด็ก,"書面語版係 ด.เด็ก, 讀 du dek",child / 兒童
ปะป๊า,溫馨版爸爸叫法,father / 爸爸
หวาน,,sweet / 甜
นิดเดียว,,"a little, very small / 細小, 微小"
สงสาร,指對遇到不幸、痛苦、困難、或者受傷嘅人或動物產生一種慈悲、同情、想幫手嘅心,"pity, feel sorry / 憐憫, 心痛"
ซีแอตเทิล,,seattle / 西雅圖
ราย,量詞. 新聞、案件、意外嘅當事人／受害者／嫌犯,"unit classifier / 位, 名"
ยิงกัน,,gunfire / 槍戰
งาน,,"activity, function / 活動, 節目"
งาน,,job / 工作
เซ็นเตอร์,,center / 中心
ไบต์,,bite / 咬
ออฟ,,of / 的
ปืน,,gun / 槍
งวด,讀 ngu wut,instalment / 期數
ค้าง,,owe / 拖欠
เหตุเพลิงไหม้,,fire incident / 火災事故
ผู้มีอิทธิพล,,influential people / 有勢力人士
บ่อน,,gambling den / 賭場
จังหวัด,泰國的行政區劃，相當於「省」或「縣」. 縮寫係 จ.,province / 府
ลักลอบ,亦可指無牌經營、偷偷開檔,smuggle / 走私
ถูก,"書面語, 語氣較中性",being / 被…
พยานหลักฐาน,,evidence / 人證物證
ไปถึง,,arrive / 去到
สาว,,"pull / 抽絲剝繭, 順藤摸瓜"
ฮาร์ดดิสก์,,harddisk / 硬碟
กล้องวงจรปิด,讀 glang won jon bit,CCTV / 閉路電視
คนก่อน,"用黎形容工作上既上一任, 唔可以用黎形容男女朋友關係",previous person / 上一任
แฟนเก่า,,"ex / 前男友, 前女友"
สารวัตร,讀 sa ra wut. 類似香港警察嘅「督察 / 高級督察」,police inspector / 警長
ประจำ,,"stay here, regular / 駐守, 定期"
จะไม่ยอม,,will never agree / 絕不容許
ชื่อเสียง,,"reputation / 名聲, 名譽"
ไม่สน,,don’t care / 不在乎
มีเอี่ยว,,involved / 有份參與
ไม่เลี้ยง,,not keep it alive / 不留活口
ฟัน,,tooth / 牙齒
ฟัน,,"cut / 砍, 劈"
ดำเนินการ,,take action / 採取行動
เร็วที่สุด,,soonest / 最快
คนบงการ,,the mastermind / 幕後主使
ข้อหา,,charge / 檢控
ฆ่า,,kill / 殺害
ซัดทอด,,confess / 供出
ใคร,,who / 誰
แน่ใจ,,sure / 肯定
คลอก,專係用黎形容人被火燒,burn / 燒
ทำร้าย,,"attack, injure / 傷害, 攻擊"
ตั้งทีม,,form team / 組建團隊
เอาตอน,,during the moment… / 在…的時侯
จับตาดู,同 จับตา 一樣意思可互換,keep an eye on / 密切監視
ซะ,語氣助詞,"ending enforcement / 完蛋, 徹底"
เละเทะ,,mess / 亂糟糟
ศูนย์,,zero / 零
เชือดไก่ให้ลิงดู,,kill chicken to scare monkey / 殺雞儆猴
เบี้ยวหนี้,,default debt / 走數
หาเช้ากินค่ำ,,work hard in morning and eat at night / 早出晚歸
อีห่า,,"bitch / 賤人, 蕩婦"
ลิ้น,,tongue / 舌頭
เจอตัว,,found the guy / 發現條友
เอ็ง,一種比較粗魯、平輩或長輩對晚輩、親近之人的口語稱呼,you / 你
ฟื้น,常指從昏迷、假死或暈倒中醒過來,"revive / 覺醒, 甦醒"
เผา,,burn / 燒
ค่ายมวย,,boxing camp / 泰拳館
ถวายชีวิต,,dedicate one’s life / 賣命
ซึ้งใจ,,touching / 感動
อย่างดี,,excellent / 好好地
ปล่อยไว้,,leave it alone / 放任不管
โฉ่งฉ่าง,,"churlish / 魯莽, 引人注目"
ไม่งั้น,,otherwise / 如果唔係咁的話
สันดาน,,trait / 本性
โชว์,就係英文既 show,"show / 演示, 展示"
เคารพ,讀 cow rope,"respect / 尊重, 尊敬"
ถึงได้,,that’s why / 才因此
เชียร์,,"cheer / 鼓勵, 支持"
นักแสดง,,actor / 演員
ผู้เปลี่ยนเพศภาพ,,transgender / 跨性別人士
เพศ,,"sex, gender / 性別"
เปิดใจ,,open up / 敞開心扉
ระหว่าง,讀 ra wang,between / …之間
ทรานส์แมน,,transman / 跨性別男性
ทอม,,tomboy / 女同志
ต่ำ,,low / 低
อย่างต่ำ,"談論價格、重量、硬性門檻時更精準, 較客觀","at least / 至少, 最低限度"
หา,日常最常用既 search 字眼,"look for, search / 找, 搵"
ค้น,"動手去做 search , 比較深層意思","search / 搜查, 翻查, 搜索"
ผ่านมา,,"pass by / 經過, 經歷左"
สื่อข่าว,,news media / 新聞媒體
ไวรัล,,viral / 病毒性
โพสต์,,post / 貼文
ไวรัล,例如 โพสต์ไวรัล 係解爆紅 post,extremely popular / 爆紅
ลื่นล้ม,,"slip and fell / 跣低, 滑倒"
เฟซบุ๊ก,,"facebook, meta / 臉書"
ความลื่นล้มทางเพศ,"指一個人經常搖擺性別, 帶有嘲諷意味",gender interchange / 性別變換
ผู้ใช้งาน,,user / 用戶
สวย,,"beautiful / 靚, 漂亮"
ก่อนจะ,會跟一個動詞響後面,before… / 響…之前…
สลับ,,"exchange / 交換, 轉換"
มาเป็น,,"become / 變成, 轉成"
ลุค,,look / 造型
อีกกว่า,,"more than / 再多過, 仲多過"
สู่,非常正式、有文采、或者具備儀式感。通常用喺新聞、演講、歌詞、或者描述人生階段,to / 到
การเป็น,將 เป็น 變成名詞,become / 成為
พูดคุย,"較 คุย 正式, 但都係口語","communicate, discuss / 溝通, 訪談"
คุย,,"talk, chat / 傾計, 傾談"
แง่มุม,,"aspect / 角度, 層面"
การใช้งาน,,usage / 使用
บริการ,,service / 服務
ใช้งาน,著重於「運作、操作、工作用途」,"use, operate,  / 運作, 操作"
ลงขัน,,"gather money / 集資, 籌錢"
โต,,big / 大
ใหญ่,,big / 大
บารมี,,"prestige / 權威, 聲望"
เยี่ยว,,"urine / 尿, 小解"
รด,指為了滋潤、清洗或降溫，將水灑在植物、土地、車輛或人身上。,"pour / 淋, 噴灑"
กบาล,比較粗俗、貶義嘅講法，平時唔會禮貌咁用,"head / 頭, 頭顱"
ไอ้คน,,this bastard / 呢條友
จอห์น วิค,,john wick / 約翰維克
ของจริง,,"something real / 有料到, 有實力"
ยับ,,"wrinkle / 謝, 皺"
โตขึ้น,,growing up / 長大
ฉายแวว,,"shine / 發放光芒, 顯露頭角"
หัวแถว,,"boss / 隊長, 頭目"
พึ่งได้,,"dependable / 可依靠, 可依賴"
ใจถึง,,"unfear, bold / 豪邁, 有 guts"
รับรอง,,guarantee / 保證
นิ่ง,,"stay still / 不動, 靜止"
กำพร้า,,orphan / 孤兒
ข้อยกเว้น,名詞黎,"exception, exemption rule / 例外條款"
กรณี,讀 gor la ni,"case / 案件, 事件"
เพ่นพ่าน,,wandering / 四處遊蕩
กบดาน,長期匿藏（通常指罪犯或避風頭）,"abscond, hide / 潛逃, 藏匿"
เขมร,,cambodia / 柬埔寨
เต็มที่,,to the fullest / 去到盡
หน่วยรบพิเศษ,,special force / 特種部隊
ทหาร,,soldier / 士兵
ประวัติ,讀 bra wat,background / 背景
โชกโชน,,"experienced / 有歷練, 經驗豐富"
ความเจ็บปวด,,pain / 痛覺
โรคประหลาด,,strange disease / 奇難雜症
ขนาด,一般句型係 ขนาด…ยัง…เลย,to an extent / 甚至到…既程度
รุมฟัน,,gank with knife / 圍斬
พนัน,,bet / 賭
มีด,,knife / 刀
สปาต้า,,sparta / 斯巴達
ต่อย,,punch / 拳擊
ได้อยู่เลย,,still able to / 居然仲可以…
สัตว์ประหลาด,,crazy stuff / 怪物
แม่ข่าย,,"main control / 指揮中心, 控制室"
ชัดๆ,,"clearly / 顯然地, 真真正正地"
วอแปด,ว.8 意指「有報告/有狀況」,w.8 / 無線電對講機代號 8
วอสิบห้า,ว.15 通常指某個位置或狀況代碼,w.15 / 無線電對講機代號 15
ขี่,,ride / 騎
จักรยานยนต์,書面語版,"automobile, motorbike / 電單車"
ขาว,,white / 白
เหลือง,讀 lue ang,yellow / 黃
จราจร,,traffic / 交通
เขียว,,green / 綠
ไฟจราจร,,traffic light / 交通燈
ไฟแดง,,"red light / 紅燈, 紅綠燈"
ราชดำริ,位於曼谷核心地帶（Pathum Wan 區），緊鄰遊客最熟悉嘅暹羅（Siam）同埋隆齊（Phloen Chit）。,ratchadamri / 拉差丹利
แยก,"亦可解做十字路口, 分岔路口","split / 分岔, 分離"
ท่าน้ำ,,pier / 碼頭
มอบตัว,,turn self in / 自首
ตกลง,,fall down / 跌落
เซ็น,,sign / 簽署
อย่างน้อย,談論抽象情況、結果或溫和勸說時常用,"at least / 起碼, 至少"
ค้ำประกัน,,"guarantee, assure / 擔保"
ความคุ้มครอง,,"protection, coverage / 保謢"
ฮัลโหล,,hello / 你好
โทร,,"call, dial / 打電話"
คลาด,,miss / 錯過
ถนน,讀 ta non,road / 馬路
นอกเมือง,,"outside city / 郊外, 郊區"
กรรม,,karma / 業障
ซ้ำรอย,,repeat same mistake / 重覆犯錯
อดีต,,"past / 過去, 昔日, 歷史"
ศรัทธา,,"faith / 信念, 信仰"
อภัย,,forgive / 原諒
ล้างแค้น,,avenge / 報仇
ความรุนแรง,,violence / 暴力
แก้ปัญหา,,solve problem / 解決問題
ทบทวน,讀 top twon,review / 審視
ให้ดี,,"seriously, well / 好好地, 認真地"
ไม่ไหว,精神上的不行,"can’t / 搞唔掂, 控制唔到"
อ่อนแอ,讀 on ae,weak / 脆弱
เสีย,"如果擺係動詞後面, 就解作不妨或徹底",might as well.. / 不妨…
กุฏิ,讀 gu di,monk cubicle / 僧侶專用的舍
กรม,,department / 部門
ผู้ใหญ่,,"senior people / 大人物, 高層"
เบรก,"亦有人用 เบรค.  兩者意思一樣, 但正式考試既話只可以用前者, 後者會當錯別字","break / 剎車, 剎停"
ลายนิ้วมือ,,fingerprint / 指紋
ถูกระงับ,,"suspend / 禁制, 停頓"
วินาที,,second / 秒
ปลดล็อค,,unlock / 解鎖
บลูทูธ,,bluetooth / 藍芽
การตั้งค่า,,settings / 設定
เชื่อมต่อ,指將兩個本來分開嘅實體、物件、電線、訊號或者概念「實質咁駁埋一齊」. 讀 cheum dor,"connect / 連結, 連接"
เจริญใจ,,"pleasant / 欣喜, 歡欣"
เพลิดเพลิน,玩得開心 / 好投入 / 沉迷沉醉,"enjoy, be entertained / 樂在其中, 有娛樂性"
ล็อกอิน,,login / 登入
เครือข่าย,例如互聯網、流動網絡、人際網絡等. 讀 kruea kai,network / 網絡
โหมดเครี่องบิน,,airplane mode / 飛航模式
เครี่องบิน,,airplane / 飛機
ค่าธรรมเนียม,,handling fee / 手續費
นาฬิกา,,"clock / 時鐘, 鬧鐘"
ไบโอเมตริก,,biometric / 生物特徵
เครื่องมือ,,tool / 工具
ไฟล์,,"file / 文檔, 文件"
ได้รับ,,receive / 接收
เพลง,,song / 歌
สภาพอากาศ,,weather / 天氣
ธีม,,theme / 主題
โน้ต,,"note / 筆記, 記下"
ไหว,,shake / 震動
แผ่นดินไหว,,earthquake / 地震
แผ่นดิน,,land / 地
ยอดเสีย,呢個係一個複合名詞，通常帶有計量、統計或商業/博彩嘅意味。,loss / 失去
แปะ,,paste / 貼
โคตร,,"ancestry / 祖宗, 祖先"
แทนที่,,"instead of / 反而…, 唔單止無…仲要"
บุญคุณ,,gratitude / 感激
ทรยศ,,"betray / 背叛, 反叛"
หลบไป,,"get out of the way / 滾開, 借開"
สักที่หนึ่ง,,"somewhere / 某個地方, 隨便一個地方"
รวบ,,"arrest / 逮捕, 拘捕"
ทางนี้,,"this way / 呢邊, 我地呢邊"
ได้เรื่อง,,"something happen / 出事, 有事"
ได้เรื่อง,,got the result / 有結果
คืบ,,"stride, step over / 跨步"
คืบหน้า,,"progress / 進展, 有進一步消息"
ไฟเขียว,,"green light / 綠燈, 開綠燈, 允許"
บ้านเด็กกำพร้า,,orphanage / 孤兒院
แยกทางกัน,,"break apart / 各行各路, 分開"
ก่อนหน้านี้,,before this / 在此之前
ทำไมคุณถึงไม่,"加左個 ถึง 加強左正式, 同埋帶有少少埋怨既意思",why didn’t you?! / 點解你無…
ชาวบ้าน,,"villagers / 村民, 百姓, 街坊"
หลัก,,main / 主要
ข้าพเจ้า,正式書面用語，常用於宣誓、法律文件或官方場合. 讀 ka part zau,I / 我
ซื่อสัตย์,偏正式,"honest / 忠實, 誠實"
สุจริต,偏正式,"trustworthy / 公正, 正直"
ยึดมั่น,偏正式,"steadfast / 堅守, 堅定不移"
ระเบียบวินัย,偏正式,discipline / 紀律
ปฏิบัติหน้าที่,偏正式,perform duty / 履行職務
เที่ยงธรรม,偏正式,fairly / 公正地
ประโยชน์,,benefit / 好處
ประชาชน,,"people / 人民, 公眾"
เรียบร้อย,,"orderly, neat / 整齊, 有序"
เห็นแก่,,for the sake of.. / 看在…的份上
ประเทศชาติ,,nation / 國家
สินบน,,"bribe / 行賄, 賄賂"
ซ่อน,最普通的「躲起來」或「把東西藏好」,"hide / 匿藏, 躲藏"
เค้น,,"force confess / 逼供, 招供"
ตึก,,building / 大廈
ร้าง,,abandoned / 廢棄
ขอร้อง,,"plead, beg / 懇求, 求下你"
ชุมชน,,"community / 社區, 村落"
ติดคุก,口語、日常最常用,"imprisonment / 坐監, 入獄"
เก่งนัก,,"skilled / 厲害, 超勁"
ตลอดชีวิต,,whole life / 成世
เอาจริง,,"seriously / 黎真, 講真"
ตีน,粗俗 Slang 、不禮貌. 動物嘅腳,foot / 腳
โยน,"強調動作的軌跡, 強調的是動作的形式","throw / 投, 擲"
นักหนา,用喺動詞或形容詞後面，表示「程度好深、點解會咁誇張」,"too much, scary / 過份, 得人驚"
เป่าสมอง,,head shot / 爆頭
ขี้,,"shit, poop / 屎"
หืม,語氣助詞,hmm! / 哼!
จ่าสิบตำรวจ,,police sergeant / 警長
เจ้าหน้าที่,,officer / 工作人員
สืบสวน,,investigate / 調查
กองกำกับการ,,"department / 科, 處"
เพชรบุรี,,patchaburi / 碧武里府
กล้าหาญ,書面語,"brave / 勇敢, 英勇"
ด้วยความ,,"with gratitude / 以…的方式, 懷著…的心情"
มุ่งมั่น,,determination / 決心
กำลังหลัก,,"main force / 核心, 骨幹"
ทฤษฎี,,theory / 理論
การเดต,,dating / 約會
ติ๊กตอก,,tiktok / 抖音
กำลังเปลี่ยน,,is changing / 正在改變
ผูกพัน,,"bind / 連結, 依附"
การ,用於「具體、物理性、日常實踐」嘅動詞（過程/動作本身）如果你想表達「解釋（呢個動作過程）」，就會用 การอธิบาย (gaan-a-thí-bāai),noun prefix / 名詞前綴
ความ,用於「抽象概念、心理狀態、形容詞」ความ 通常加喺形容詞或者抽象動詞前面,noun prefix / 名詞前綴
คำ,用於「與言語、文字、說話內容」相關嘅動詞อธิบาย (a-thí-bāai) 的意思是「解釋、說明」，本質上係用說話/文字去表達嘅動作。,noun prefix / 名詞前綴
คำ,,word / 文字
ว่า,,"that, think, say / 話, 認為"
ผูก,,"tie, bond / 連繫, 綁"
ไม่ได้,"如果擺係動詞前面, 意思會係 didn’t","didn’t / 沒有, 並非"
ได้,"如果擺係動詞後面, 意思就係 can","can / 可以, 有能力"
ครั้งเดียว,,"only once / 唯一一次, 就係果次"
ได้,"如果擺係動詞前面, 意思就係 able to","able to, have change to / 能夠, 有機會"
โดดเดี่ยว,,lonely / 寂莫
ไม่ว่า,,"regardless / 不管, 無論"
ต่างกัน,,both different / 各有差異
ต่างคนต่างมา,,everyone came separately / 各有各
เย็นชา,,"cool / 冷酷, 冷漠"
หวั่นไหว,,"touched, hesitate / 觸動, 猶豫"
คนอื่นไกล,,"stranger, people from far away / 陌生人, 遠方的人"
คุ้นเคย,,"familiar / 熟悉, 熟絡"
อยู่นานนาน,,live long / 活得久一點
เฝ้าดู,,"guard / 看守, 守護"
เช่นไร,"同 อย่างไร 差唔多, 但較書情畫意, 多用響文學或情歌","how / 如何, 係點既呢?"
ข้างกาย,文雅、詩意、專屬浪漫,"besides / 響旁邊, 在左右"
ข้างข้าง,日常、口語、溫馨親切,"besides / 響身邊, 響隔離"
มอบ,,"offer, contribute / 給予, 奉獻"
ต่อจากนี้,,from now on / 從這刻起
นิรันดร์,,eternity / 永恆
จากเช้าถึงค่ำ,,from morning till night / 從早到晚
หัวใจ,,whole heart / 整個心
เท่านั้น,,only / 只有
เธอ,亦都可以第三人稱做佢,you / 你
ร้อนใจ,,"anxious, worry / 心煩意亂, 焦慮"
กอด,,hug / 擁抱
โอบ,,"hug, entwine / 環抱, 摟抱"
มาก,,"very / 非常, 好"
มากมาย,,"lots / 好多, 大量"
ไม่แพ้,,"not defeated, not give up / 不認輸, 不被打敗"
เพียงใด,,to what extent / 程度幾多
ต่อไปนี้,,following / 接下來
แล้วแต่,แล้วแต่คุณ 既話就係解 up to you,no matter what / 不管如何
ฟ้าดิน,,heaven and earth / 天地
ต่อว่า,ต่อ 有對著……、反擊／回應既意思,"complain, scold / 埋怨, 責罵"
พบเจอ,"比就咁用 พบ 或 เจอ 更有情感, 好似相似相遇咁",meet / 相遇
คู่กัน,,"match as a patch / 成為一對, 撮合"
จงใจ,,deliberate / 有意
ความเหมาะสม,,"suitability / 合適性, 相配性"
ยืนยาว,,long lasting / 持久
ค้าน,,oppose / 反對
เอคโค่,,echo / 聲波
พัง,,"broken / 壞, 爛"
รูรั่ว,,"leak hole / 穿孔, 穿窿"
ลิ้นหัวใจ,,heart valve / 心瓣
เล็กลง,,smaller / 變細
เกณฑ์,,"standard, criterion / 標準, 準則"
เข้าผ่าตัด,,entering surgery / 入手術室
เอา,,"take / 拎, 攞, 拿"
ล่ะ,"語氣助詞. 通常要反問, 作結, 或徵詢意見時先會用",la? / 啦?
ประหยัด,,"save / 節省, 慳"
ชา,,tea / 茶
ท่านเทพ,,"god / 神仙, 大神"
ยึดติด,,"persist, rigid / 執著, 拘泥"
ต้มน้ำ,,boiling water / 煲水
ลวก,,"rough, causal / 求其, 草率, 隨便"
กา,水煲的單位用詞,kettle / 壺
เสียดาย,指因為錯過咗、失去咗、或者浪費咗某樣好嘢、機會、時間、金錢而感到「可惜、唔捨得、肉赤」。,"pity / 肉赤, 可惜"
ดื้อจัง,,stubborn / 固執
โอนลี่แฟนส์,,only fans / only fans 媒體
ทำห้องให้,,clean room / 打理房間
แฟนตาซี,,"fantasy / 夢幻, 幻想"
สมัคร,讀 sa mak,apply / 申請
จุ๊บ,"輕描淡寫, 蜻蜓點水式",kiss / 錫一啖
เล่นไพ่,,"play card game, play mahjong / 打牌, 玩卡牌"
ใต้,,"under / 下面, 底下"
ผ้าห่ม,,"blanket / 被, 毛毯"
อยู่ได้,,survive / 生存
ธุรกิจ,,"business / 生意, 商業"
จึ้กว่ะ,,"bingo, that’s the point / 中 point!"
มั้ง,語氣助詞,"maybe / 丫拿, 掛"
กลิ่น,,smell / 聞
ขาดการติดต่อ,,lost contact / 失去聯絡
ขาด,,"miss, lack / 消失, 缺乏, 缺少"
ยูทูบเบอร์,,youtuber / youtube 直播主
เศร้า,"讀 sau. 可以修飾事物, 不可以用黎表達「抱歉/遺憾」. 可以係抽象氛圍或無來由的心情低落","sad / 憂傷, 傷心"
บล็อกเกอร์,,blogger / 部落格主
พบร่าง,,found dead / 發現屍體
สูญหาย,,"disappear / 消失, 失蹤"
สำนักข่าว,,news agency / 新聞中介
ได้ไง,,how? / 點?
กุญแจ,專門指開門、開鎖、開車嘅實體鎖匙,key / 鎖匙
ไข,,"turn / 開, 轉"
เยอะแยะ,,"plentiful / 許許多多, 密密麻麻"
กันแน่,,after all / 究竟
ทำเป็นรู้,,"pretend to understand / 扮識, 裝懂"
ถ่าน,,charcoal / 炭
ปร๋อ,,"fast / 輕快, 伶俐"
ถึงตา,,it’s the turn… / 輪到…的時侯了
ค่าไฟ,,electric bill / 電費
ค่าน้ำ,,water bill / 水費
โจ๊ก,,"congee / 粥, 稀飯"
หนอน,,worm / 蟲
นก,,"bird / 鳥, 雀"
มองค้อน,,"glare at / 眼睥睥, 藐視"
ถุง,,"bag / 袋, 膠袋"
ปลุก,,"alarm / 叫醒, 提醒"
ตากแดด,,"sun drying / 曬太陽, 頂著太陽"
ยุ่ง,,"interfere / 插手, 管"
ยุ่ง,,busy / 忙
เปลือง,,waste / 浪費
คอลเซ็นเตอร์,,call center / 客服中心
ถังขยะ,,rubbish bin / 垃圾桶
หมด,,"end, clear / 完, 盡, 晒, 清"
หมดอายุ,,expire / 過期
ได้ยังไง,,"how can / 點得, 點可以"
ซัดกัน,,"fight / 打交, 互毆"
แต่,,"but / 但係, 不過"
แต่,,from… / 從…
ข้างล่าง,,downstairs / 下面
รอบข้าง,,surrounding / 周圍
ไปไหน,,go where / 去邊
รอบ,,round / 輪
โดยตรง,,directly / 直接地
ตอนที่,,at the time that / 當…的時侯
เอาเข้าจริง,,in reality / 現實中
ดิ่ง,,plunging / 下墜
ลึก,,deep / 深
ลงไป,,go down / 向下
เข้มแข็ง,,"strong / 強大, 強悍"
ปลด,,"release, detach / 解開, 卸下"
กระดุม,,shirt button / 衫鈕
ปุ่ม,,button / 按鈕
เม็ด,"量詞, 計算扭扣","unit classifier / 粒, 顆"
ใจหวิว,,"dizzy, faint / 心慌, 離心"
เซ็กซี่,,sexy / 性感
เย้ายวน,讀 yau yun,alluring / 撩人
แน่น,,tight / 緊
แต่งตัวหวิว,,wear exposing / 衣著暴露
เรนโบว์,,rainbow / 彩虹
เท้า,書面語、禮貌用語. 人類嘅腳,foot / 腳
มณเฑียร,,montien hotel / 曼月軒
ก้าวไป,,step forward / 行前
เจ้าสัว,,"magnate, big account / 巨頭, 大戶"
ตอบ,,"answer / 回答, 回覆"
ตอบรับ,,"confirm / 接受, 接納"
เมื่อก่อน,,in the past / 以前
ลูกเจี๊ยบ,,"chick / 小雞, 雛雞"
เล่นกับ,,play together / 一齊玩
นู่น,說這個字是指向很遠或極遠的某個方向,over there / 果度
ขี้มูก,,snot / 鼻涕
สับ,,chop / 切
ร้องไห้,,"cry / 喊, 哭泣"
เรื่องไม่เป็นเรื่อง,,"trivial matter / 小事, 無聊野"
โป่ง,,"bulging, baggy / 凸起, 脹起"
ส่งต่อ,,forward / 傳遞
สเปน,,spain / 西班牙
ชายแดน,,border / 邊境
โมร็อกโก,,morocco / 摩洛哥
ผู้อพยพ,讀 pu oppaiyop,migrant / 移民
ดินแดน,,territory / 領土
ความมั่นคง,,security / 安全
เซวตา,塞卜泰，是西班牙的兩個自治市之一，位於非洲馬格里布的最北部,ceuta / 休達
เสริม,,enforce / 加強
เหนือ,,above / 之上
ชายฝั่ง,,coast / 海岸
แอฟริกา,,africa / 非洲
ทวีป,,"continent / 大陸, 洲"
หลายพัน,,thousands / 數以千計
ทางการ,,official / 官方
ร้องขอ,,"request / 要求, 請求"
ผู้จมน้ำ,,drowning person / 遇溺者
รัฐบาล,,government / 政府
ความพยายาม,,effort / 付出努力
พรมแดน,,national border / 國界
ความแข็งแรง,,strength / 強度
กล้าม,,muscle / 肌肉
นักเพาะกาย,,body builder / 健美人士
อินฟลูเอนเซอร์,,influencer / 有影響力者
ฟิตเนส,,fitness / 健身
หล่อ,,"handsome / 靚仔, 帥"
ขยัน,,"hardworking / 勤力, 勤奮"
สนุก,,"fun / 有趣, 好玩"
งั้น...ดีกว่า…,,in that case…then better… / 既然係咁…比較好
ขา,,leg / 腿
นอกจาก,例句: นอกจากนักศึกษาแล้ว อาจารย์ยังเรียนภาษาไทยอีกด้วย. 句型通常係:นอกจาก + A + แล้ว + B + ยัง… 或者 นอกจาก + A + แล้ว + B + ก็…,other than… / 除了…以外
ครบ,,"full, complete / 完整, 齊, 滿"
ไม่ทันไร,,just a while.. / 還沒多久..就..
เซฟ,,"save / 保險箱, 夾萬"
ตา,,eye / 眼
ตา,"玩遊戲, 例如卡牌遊戲時用的量詞","round / 回合, 局"
สิทธิ์,,right / 權利
ราว,,"rail, rack / 欄, 杆"
ดราม่า,,drama / 戲劇
ดราม่า,,being dramatic / 演
เข้ากะ,,shift / 輪班
คีโม,,chemotherapy / 化療
ลา,,"take leave / 請假, 告假"
หวัง,,"expect / 期待, 打主意"
หาว่า,,accuse / 指責
ไล่ออก,,"dismiss / 革除, 炒"
อกตัญญู,,ungrateful / 不孝
เดือดร้อน,,"troubled / 陷入麻煩, 害, 受累"
ทุกที,,"every time / 每次, 總是"
งอมืองอเท้า,,"act passive and inactive / 游手好閒, 無所事事"
ตีกัน,,"fight, argue / 打架, 吵架"
ลูกพี่ลูกน้อง,,cousin / 表兄弟姐妹
เป็นเพื่อน,,"stay with / 作伴, 陪伴"
ทำคะแนน,,"score points / 爭取表現, 拿分數"
จูง,,"lead / 拉, 牽"
มัวแต่,,busy with… / 只顧著…
เปาบุ้นจิ้น,,bao qingtian / 包青天
ตก,,fall / 跌
แซ่บ,,"spicy, sexy / 麻辣, 惹味, 性感"
เผ็ด,,spicy / 辣
ป้วนเปี้ยน,,"hang around / 徘徊, 晃來晃去"
ทัก,,greet / 打招呼
มืดๆ,,"dark / 暗晒, 黑晒"
ตามมา,,"follow / 跟住黎, 跟隨"
ไปอยู่ด้วย,,live together / 一起生活
เมื่อย,,"tired, sore / 疲累, 疲勞, 酸痛"
มุ้ง,,net / 網
กะ,,think / 諗過
ภูธร,,"rural / 鄉村, 郊外"
ชลบุรี,,chonburi / 春武里府
ข่าวลือ,,"rumor / 謠言, 謠傳"
โต้,,"counter / 反駁, 對抗"
หนุน,,bolster / 支撐
ฝังดิน,,"bury / 埋葬, 埋藏"
การสนับสนุน,,"support / 支援, 支撐"
ลด,"用響數量, 價格","decrease / 減價, 減少"
แท่ง,筆的量詞,piece / 支
คุณภาพ,,quality / 質素
คัดเลือก,,"selected, screen / 嚴選, 經審核後選"
คัด,,filter / 篩選
ทีมงาน,,"work group, team / 工作團隊"
แทะ,,"nibble / 啃, 咬"
จบลง,,over / 完結
กะจะ,,"planning to / 打算, 預謀"
ถึงจะ,,only then… / 才會…
อย่างงี้เลย,聚焦於「係咁樣（個樣/個做法）」（狀態/方式）。,"exactly like this / 就係咁啦!, 正正係咁"
นี่แหละ,聚焦於「就係呢個（人/物/地方）」（指定目標）。,this is it / 就係呢個啦
น่าเศร้า,,sad / 可悲
ผิดหวัง,,"disappointed / 失期, 落空"
อก,,"chest, breast / 胸"
เปลี่ยนใจ,,change the mind / 改變心意
แทบ,發生機率接近 100% 或 0%,almost / 幾乎
สักคำ,,just one word / 只一個字
มั่นคง,,"stable, secure / 安全, 堅固, 穩固"
ซื่อตรง,,"trustworthy, honest / 正直, 誠懇"
คิดไป,,"think too much / 想太多, 胡思亂想"
พะวง,,"distracted / 分心, 分神"
จรรยาบรรณ,,work ethics / 職業道德
จะว่าไป,,"actually / 話說回來, 講開又講"
ไอ้เชี่ย,,"bastard / 混蛋, 仆街"
เอไอ,,AI / 人工智能
ตรงไปตรงมา,,"straightforward / 直接, 直腸直肚"
ตัวตั้ง,,"criterion / 基準, 準則"
มีเส้น,,"rely on relationship or background / 靠關係, 有靠山"
เน้น,,"emphasize / 強調, 看重"
อาวุโส,讀 awu sor,"seniority / 論資排輩, 前輩, 資歷"
เหมาะกับ,,suitable for / 適合
ทุ่งนา,,"farm, field / 稻田, 農田"
หนวด,,"moustache / 胡子, 鬍鬚"
ทั้งนั้น,,all in all / 全部都是
ใบถอนเงิน,,withdrawal slip / 提款單
น้ำแข็ง,,ice / 冰
ถอน,,withdraw / 提取
ประคบ,,"apply compress / 熱敷, 冰敷"
ช้า,,slow / 慢
คอมพิวเตอร์,簡寫是 คอมฯ,computer / 電腦
โปรแกรม,,"program / 軟體, 程式"
หัด,指透過反覆練習、動手操作或嘗試去學會某項實用技能，通常帶有「新手剛開始練習」的語感。,"learn, practice / 學習, 鍛鍊"
ใช้ไม่ได้,,"useless / 無用, 廢柴"
ประเมิน,,"estimate, assess / 考核, 評估"
ไส,,"chase, push / 推, 趕"
ออกไป,,go out / 出去
ไสหัวออกไป,,chase away / 被趕走
กระเช้า,,basket / 籃
ของขวัญ,,gift / 禮物
เขยิบ,讀 ka yerp,"move up / 挪開, 移開"
โฉ่ยเสี่ย,,scold / 死仔
กล่อม,,coax / 哄
เวลาว่าง,,"free time, available / 空閒, 空餘時間"
น้ำส้ม,,orange juice / 橙汁
ทำไว้,,make and keep / 做好並保存
น้ำส้ม,,sauce / 醬汁
เคาน์เตอร์,,counter / 櫃台
อึดอัด,,"uncomfortable / 不舒服, 鬱悶"
พยุง,,"support / 扶, 攙扶"
เหนียว,,"sticky / 痴立立, 黏"
ข้างใน,,inside / 裡面
ใกล้กับ,,near something / 同…好近
สถานีรถไฟ,,train station / 火車站
ทำใจ,,accept it / 接受現實
ทำใจ,,get prepared / 做好心理準備
นูนๆ,,raised / 凸起的
หัวนม,,nipple / 乳頭
ไฝ,,"mole / 痣, 墨"
บ้า,,crazy / 傻左
คนอะไรวะ,,what kind of people / 甚麼人
ยาน,,"flabby / 下垂, 鬆弛"
ตรงนั้น,"較短的距離, 或精準的果一點",over there / 果度
จะไป,,will go / 將會去
จะไป,常用響反問句句首,how do i… / 怎麼會…
ติดกล้อง,,install camera / 安裝攝錄機
ได้ช่วยทัน,,help in time / 及時幫手
เป็นลม,,faint / 暈低
ขึ้นมา,如果擺係動詞後面就係解突然發生,suddenly happen / 突然發生
ทรงนี้,,status like this / 這種狀態下..
ทรงนี้,,this style / 呢種風格
เจ้าหญิง,,princess / 公主
นิทรา,高雅典雅詞彙，源自梵語/巴利語,slumber / 沉睡
เลื่อน,,"slip, slide / 滑移"
แช่ง,,curse / 詛咒
ผู้สูงอายุ,,elderly / 長者
ชีวิตส่วนตัว,,personal life / 個人生活
งานอดิเรก,讀 ngan ar dee reg,"hobby / 喜好, 興趣"
ปริญญาตรี,讀 ba rin yard dri,bachelor’s degree / 學士學位
มาตลอด,,always been / 一直以來
งานเสริม,,part time job / 兼職工作
ก้าวย่าง,,"step, move on / 進入, 邁向"
พระองค์,,majesty / 陛下
เสด็จ,,come / 駕臨
ดีล,,deal / 協議
สวรรคาลัย,,"heaven / 天界, 天堂"
หวังปิด,,hope to close / 希望成交
ภายในไม่กี่วัน,,within a few days / 幾日之內
ช่องแคบฮอร์มุซ,,strait of hormuz / 霍爾木茲海峽
เรือสินค้า,,cargo ship / 貨船
ระดับสูง,,"high level / 高水平, 高階"
คาดหวัง,,"high expectation / 寄予厚望, 預期"
บรรลุ,,achieve / 達致
ในขณะที่,,"while / 正當, 同時"
เตหะราน,,tehran / 德克蘭
เจรจา,,negotiate / 談判
เกิดขึ้น,,"occur / 發生, 出現"
หลายราย,,many of them / 許多人
เพียงไม่กี่ชั่วโมง,,just a few hours / 僅不到幾小時
ลำ,船和飛機的量詞,"unit classifier / 艘, 架"
เดินทางผ่าน,,traveling through / 通過
ดังกล่าว,,"as mentioned, as said / 上述, 該"
สกอตต์ เบสเซนต์,,scott bessent / 財長貝森特
รัฐมนตรีว่าการกระทรวงการคลังของสหรัฐฯ,,u.s. secretary of the treasury / 美國財政部長
สถานีโทรทัศน์,,television station / 電視台
ไม่...ก็…,"意思一係咁, 一係咁, one way or another","if not, then / 不是…就是…"
ซับซ้อน,,complicated / 複雜
นิวเคลียร์,,nuclear / 核
การปลดอาวุธ,,disarmament / 解除武裝
กาตาร์,,qatar / 卡塔爾
หารือ,書面用語,"discuss / 商議, 討論"
คนกลาง,,intermediary / 中間人
เปิดเผย,,"disclose, reveal / 揭示, 透露"
ทางด้าน,,"as for…, in the aspect of… / 至於…, 在…範疇上"
ทูต,,ambassador / 大使
ยังคง,書面語. 絕對唔可以用喺否定句或問句,still / 仍然
ดำเนินอยู่,,on going / 持續進行中
แต่อย่างใด,,"at all, whatsoever / 絕不…, 完全不…"
ขณะเดียวกัน,,"meanwhile, at the same time / 與此同時, 同一時間"
สำนักงาน,,office / 公司
ซื้อบ้าน,,buy a house / 買樓
อยู่บ้านคนเดียว,,live alone / 自己一個住
เหงาบ้าง,讀 ngau bang,sometimes feel lonely / 有時感到寂寞
รู้อยู่แล้ว,,already knew / 一早知
กี่,,how many / 幾多
เดาไว้อยู่แล้ว,,already guess it correct / 一早估到
มองออก,,"understood / 睇穿, 睇得出"
ตั้งนานแล้ว,,"long time ago / 很久以前, 一早就"
คุม,比 ควบคุม 較為口語,"control / 控制, 睇住, 管住"
สะสม,,accumulate / 累積
สะสม,,collect / 收集
หนัง,,movie / 電影
หมดไป,,"all gone / 全用掉了, 全沒了, 花光了"
หลายหมื่น,,several ten thousand / 幾萬
ยาม,,"occasion, by the time / 到..之時, 時期"
ท่องโลก,放響 social media 世界就代表瀏覽,travel around the world / 環遊世界
นอนดึกตื่นสาย,,sleep late wake up late / 夜訓遲起身
ตีสอง,,2 am / 凌晨兩點
นอนมากกว่า,,sleep more / 訓多d
เข้านอน,,"go to bed / 就寢, 入睡"
ไม่เกินสี่ทุ่ม,,not later than 10pm / 不超過夜晚10點
เป๊ะ,,"exactly / 精準, 一模一樣"
เหมือนกันเป๊ะ,,exactly the same / 簡直一模一樣
ยกเว้น,,"except, exclude / 除左..之外"
เป็นแต่,,"only know / 只係識, 淨係識"
บ่,"北方用語, 即係 ไม่","not / 無, 不"
ไม่,,"not / 無, 不"
ไฟต์เตอร์,,fighter / 戰士
ตัดใจ,,give up / 放棄
รู้ทัน,,"knew already / 識破, 看穿"
ไม่พอ,,not enough / 不足夠
ไม่ถึง,,"not reaching / 達不到, 不足"
คุ้กกี้,,cookie / 曲奇
สกัดจับ,讀 sa gut jab,intercept and arrest / 攔截並逮捕
รถตู้,,"van / 貨車, 面包車"
ต่างด้าว,放響名詞後面既法律用語. 一般形容外國人係 ชาวต่างชาติ,foreigner / 外籍人士
ซิ่ง,,"speeding / 超速, 狂飆"
เสียหลัก,,lose balance / 失平衡
พุ่งขึ้น,,dash up / 衝上
เกาะกลางถนน,,roadside / 道路中央分隔島
อัด,,"compress, crowd / 擁擠, 擠壓"
ฝรั่ง,,farang / 西方人
สนธิ,,joint / 聯合
แขก,,southeast asian / 南亞人
กำลัง,,"energy, force / 力量, 能量"
กำลัง,"代表「正在投入力量/精力去做這件事」, 演變成現在進行式",in the process of… / 正在…
สนธิกำลัง,,joint force / 聯合各方力量
กาญจนบุรี,泰國西部鄰近緬甸邊境的府，著名的「桂河大橋」所在地，也是偷渡高發區,kanchanaburi / 北碧府
ได้ลุ้น,,"worth anticipation / 值得期望, 有睇頭"
ในที่สุด,,"finally, at the end / 最終, 終於"
ซะจน,因某原因搞到某個結果,to a point which.. / ……到 (引出後續結果)
กลุ้ม,,"sad, vexed / 煩惱, 鬱悶"
น้อง,"有時可以用黎自稱, 代表處於弱勢","younger sister or brother / 弟弟, 妹妹"
สวมเขา,"戴牛角, 泰國意思即係戴綠帽","being cheated / 被劈腿, 被出軌"
สวมกอด,,deep hug / 深深擁抱
แต่ว่า,"加個 ว่า 變有一個停頓位, 同 แต่ 意思基本一樣",but… / 不過…
แว่น,,glass / 眼鏡
แว่นกันแดด,,sunglasses / 太陽眼鏡
สวม,"比較正式, 書面語","wear / 穿上, 套上"
เฝ้า,,"guard / 守候, 緊盯, 專注持續"
กึ้ด,"東北方言, 相當於 คิด","think / 想, 諗"
ฮอด,"東北方言, 相當於 ถึง","arrive / 到達, 到"
ซ่อด,形容動作很快、悄悄地跑過去,"sneak pass by / 悄悄穿過, 悄悄走過"
อ้าย,"東北方言, 相當於 พี่. 女子對男子的尊稱/親密稱呼（相當於「你」或「親愛的」）。",brother / 哥哥
แอบไป,,sneak away / 悄悄走過
บ่ว่า,即係中部泰文既 ไม่ว่าจะ,no matter how… / 不管…
ฮัก,"東北方言, 相當於 รัก",love / 愛
สิ,"東北方言, 相當於 จะ",will / 將會
ไผ,"東北方言, 相當於 ใคร",who / 誰
เฮา,"東北方言, 相當於 เรา 或 ฉัน","us, I / 我地, 我"
ช้ำ,,"soar / 受傷, 痛心"
ภายหลัง,,"afterward / 日後, 往後, 之後"
ภาย,"例如之外, 之內",prefix of place / ….之
ภาย,"例如之前, 之後",prefix of time / …之
ภาค,,"sector, region / 地區"
ทิศ,"方位, 方向. 通常是地理、自然或空間上的抽象指向。",direction / 方向
ทิศเหนือ,,north side / 北方
ทิศใต้,,south side / 南方
ทิศตะวันตก,,west side / 西方
ทิศตะวันออก,,east side / 東方
ภาคเหนือ,,north region / 北部
ภาคใต้,,south region / 南部
ภาคตะวันออก,,east region / 東部
น้ำตาล,,sugar / 糖
ภาคตะวันตก,,west region / 西部
เติมพริก,,add chili / 加辣
ลองใจ,,"test, examine / 考驗, 試探"
ฮีโร่,,hero / 英雄
พระเอก,,critical item / 關鍵物品
ครั้งใด,"書面語, 日常係用 ทุกครั้ง, ครั้งไหน","whenever, each time / 每一次, 任何時侯"
ทุกครั้ง,,every time / 每一次
อยู่เรื่อยไป,,always continuously / 一直不斷持續
ให้เจ็บ,,make someone hurt / 令…受傷
อยากจะมี,,want to have / 想要有
เจ็บใจ,,"resentful, annoyed / 不甘心, 好激氣"
ไว้เกี่ยวดอง,,"proceed to marriage / 結成連理, 談婚論嫁"
นาทีเดียว,強調僅僅,merely one minute / 僅僅一分鐘
นาทีหนึ่ง,"中性詞, 著重單位",one minute / 一分鐘
แค่สองนาที,"強調僅僅, 但唔可以用 เดียว, 因為 เดียว 只可以用代表數字「1」",merely two minute / 僅僅兩分鐘
ใส,,"clear, transparent / 潔淨, 透亮"
ออร่า,,"aura / 靈氣, 光亮, 氣質"
ศอก,,elbow / 手肘
หัวเข่า,,knee / 膝頭
ด้วย,"後面跟名詞, 工具",by means of… / 以…的方式
ลุก,,get up / 起身
น้ำหนัก,,weight / 體重
ตัดจบ,"工人裝野, 拆野過程完結後講","completed, work done / 搞掂完成, 搞掂收工"
รวบรัด,,"briefly, concisely / 簡明扼要"
ทับทิม,,pomegranate / 石榴
อุ๊ย,語氣助詞,ow! / 哎喲!
ทับทิม,,ruby / 紅寶石
เผือกตาแดง,形容多事八卦的人,red-eyed taro / 紅眼芋
หวง,,"possessive, protective / 珍愛, 護短"
ไม่มีคนเอา,,no one want / 無人要
คนละคน,,different people / 不同的人
ไฮโซ,,"high society / 上流社會, 高尚"
ชู,,raise / 抬起
อินเตอร์,,international / 國際
เหล้า,,alcohol / 酒精
ไม่จบ,,"not end / 未完, 未結束"
เม้าท์,,gossip / 八卦
หึง,帶有愛意果種 jealous,"jealous / 妒忌, 呷醋"
คติ,,motto / 座右銘
ไม่เอา,,"don’t, no thanks / 唔好, 唔要"
ใช้สอย,,spend / 花費
ค้นเจอ,,"discover / 搵到, 發現到"
หอม,,smell good / 香
จัดอันดับ,,rank / 排序
ดีท่ีสุด,,the best / 最好
เล่นหุ้น,,play shares / 炒股票
ขึ้นมา,,chase up / 追上來
แซง,,overtake / 超越
สัมผัส,,"touch, sense / 觸摸, 觸碰"
รู้ได้ไง,,how to know / 如何知道
คำด่า,,"bad words / 罵人的話, 挨罵"
ใบ,,unit classifier / 球體量詞
ตกหลุมรัก,,"fall in love / 墮入愛河, 愛上"
อีกเยอะ,,many more / 還有很多
ให้เกียรติ,,giving respect / 尊重
เป็นเกียรติมาก,,great honor / 非常榮幸
น่าจะเป็น,,"should be that / 大概係, 應該係"
เกียรตินิยม,,honor degree / 榮譽學位
ชม,,applaud / 稱讚
หมอน,,pillow / 枕頭
ปลอก,,"casing / 外套, 套"
ผ้าปูที่นอน,,bedsheet / 床單
ลาย,,striped / 條紋
เล่นเน็ต,,surf the internet / 上網
เน็ต,,internet / 互聯網
เชื่อมต่อเน็ต,,connect to the web / 連線上網
นอนดู,,watch while lying down / 訓係度睇
งิ้ว,,"chinese drama / 大戲, 潮劇"
สะดวก,,convenient / 方便
ทำเล็บ,,nail art / 美甲
ร้านทำผม,,hair salon / 髮型屋
ชมรม,,"club / 會所, 俱樂部"
ผู้สูงอายุ,,elderly / 老人家
เน็ตช้า,,slow internet / 上網慢
เน็ตแรง,,fast internet / 上網快
เน็ตหมด,,no internet / 無上網
เที่ยงคืน,,"12AM, midnight / 零晨, 半夜"
ตีหนึ่ง,,1AM / 凌晨一點
ตีสี่,,4AM / 凌晨四點
ตีสาม,,3AM / 凌晨三點
ตีห้า,,5AM / 凌晨五點
เจ็ดโมงเช้า,,7AM / 朝早七點
หกโมงเช้า,,6AM / 朝早六點
แปดโมงเช้า,,8AM / 朝早八點
เก้าโมงเช้า,,9AM / 朝早九點
สิบโมงเช้า,,10AM / 朝早十點
สิบเอ็ดโมงเช้า,,11AM / 朝早十一點
เที่ยง,,"12PM / 中午, 正午"
บ่ายสองโมง,,2PM / 下午兩點
บ่ายโมง,,1PM / 下午一點
บ่ายสามโมง,,3PM / 下午三點
ห้าโมงเย็น,,5PM / 下午五點
สี่โมงเย็น,,4PM / 下午四點
หกโมงเย็น,,6PM / 下午六點
หนึ่งทุ่ม,,7PM / 夜晚七點
สองทุ่ม,,8PM / 夜晚八點
สามทุ่ม,,9PM / 夜晚九點
สี่ทุ่ม,,10PM / 夜晚十點
ห้าทุ่ม,,11PM / 夜晚十一點
ตุ๊กตา,,"doll / 公仔, 玩偶"
พร้อม,,"ready, all set / 準備好, 準備就緒"
สิงโต,,lion / 獅子
หายใจ,,breathe / 呼吸
กดเลิก,,"press cancel, unfollow / 按鍵取消, 取消追蹤"
โมเดล,,model / 模型
โมเดล,,model / 模特兒
สิ้นสุด,,end / 完結
กอล์ฟ,,golf / 哥爾夫
ดวงอาทิตย์,"偏正式, 書面語. 日常簡稱 อาทิตย์",sun / 太陽
หลบแดด,,hide from sun / 避太陽曬
แดด,,sunlight / 陽光
สินค้า,,"goods / 貨品, 貨物"
หลุด,,"get loose, come off / 脫落, 鬆脫"
เปิดตัว,,debut / 出道
เปิดตัว,,"launch / 推出, 發布"
ไทเก็ก,,tai chi / 太極
เทรด,,trade / 交易
เทรดหุ้น,,trade stocks / 交易股票
เลยมั้ง,,probably / 恐怕得…吧
ไม่งั้น,,"otherwise / 不然的話, 否則"
ค่าเหนื่อย,,salary for labor / 勞動費
อุตส่าห์,讀 ood sa,"endeavor / 心機, 勞心勞力"
หลายเดือน,,several months / 好幾個月
แต่,當 แต่ 後面跟名詞、動詞、或數量嗰陣，就係廣東話嘅 「只係 / 淨係 / 只有」,"only, just / 只"
เต็มเวลา,,full time / 全職
หลานสาว,,granddaughter / 孫女
นี่นา,,here it is! / 原來!
บริจาค,,"donate / 捐款, 捐贈"
โลงศพ,,coffin / 棺材
ศักดิ์สิทธิ์,,sacred / 靈驗
ไปมา,,been there / 去完黎
นั่งรถไฟ,,take the train / 坐火車
ท่องเที่ยว,"較正式, 書面語","travel / 旅途, 觀光"
สาธุชน,,righteous person / 善信
เจริญพร,僧侶對一般信眾專用的吉祥祝福用語,blessing / 祝福
บริเวณ,讀 ball li wan,area / 區域
ตกตะกอน,,precipitate / 沉澱
หวย,,lottery / 彩票
หือ,語氣助詞,huh? / 下?
ไหว้เจ้า,,"pay respect to god / 拜神, 拜祭"
สรุป,,"conclude, summarize / 總結, 結論"
รองเท้าคู่นี้,,this pair of shoes / 呢對鞋
ข้าพเจ้า,"極正式, 讀 ka pa zhao",I / 我本人
แซ่,源自潮州話「姓」,surname / 姓氏
เหม้งจู,阿嬤的潮州話中文名字「孟珠」,mengzhu / 孟珠
ใบ,,unit classifier / 紙張量詞
โรคภัย,,"diseases / 疾病痛苦, 疾苦"
ข้างนอก,,outside / 外面
รีบไปไหน,,rushing to where / 咁急去邊?
ร่ำรวยเงินทอง,,rich in money and health / 財源滾滾
ร่ำรวย,比較書面語,wealthy / 大富大貴
เขียนถึง,,"write to / 寫給, 寫到, 提到"
หว่านพืชหวังผล,,sow seeds for harvest / 播種等收成
หว่าน,,sow seeds / 播種
ไปงั้นน่ะ,,go for sake / 隨便去下
อธิษฐาน,,pray / 祈禱
ภรรยา,"正式, 書面語",wife / 妻子
ตามปรารถนา,,as desired / 如願
ทรัพย์,,property / 財產
ถูกหวย,,"won the lottery / 中樂透, 中六合彩"
หน้า,,"face / 臉, 樣, 面"
หน้า,,next / 下一個
หน้า,,front / 前
นัด,,"assign, arrange / 指派, 安排"
ก่อนแล้วกัน,,"this first / 先這樣, 咁先啦"
หลวม,,"loose, oversize / 鬆, 太大"
ไซซ์,,size / 尺碼
ไม่ผิด,,not wrong / 無錯
ขี้โม้,,"brag / 吹牛, 鳩up"
ได้ลองเอง,,can try by oneself / 能夠親自嘗試
ห่วงสวย,,"care about appearance / 外協, 在乎外表"
เดี๋ยวพอ,,the moment when… / 等陣一…
เท่,,"cool / 型, 酷"
ม้วน,,"roll / 捲, 捲動"
ม้วนผม,,curl hair / 捲頭髮
ตอนเช้า,,"morning / 早上, 朝早, 晨早"
ตื่นมา,充滿畫面感與連續性，重點唔係「醒」本身，而係講「醒嚟之後發生嘅事、看見嘅景象或身體感覺」,wake up and then… / 一起身就…
เอาแต่,當後面跟名詞，而且係表達選擇時，先會代表「淨係要」，但同樣帶有固執、堅持嘅語感,only need / 淨係要
เอาอีก,,get more / 要多d
หมูสามชั้น,,streaky pork / 五花腩
ตัก,例如夾菜,"scoop / 夾, 舀"
อย่าหยุด,,don’t stop / 唔好停
เผื่อ,,just in case / 萬一
คนไว้,,keep scooping / 保持攬伴
จอหงวน,借用潮州話/漢語「狀元」的泰文音譯,top scholar / 狀元
กำเนิด,,"origin / 起源, 由來"
กำเนิด,,birth / 出生
แบบเดียวกับ,,is the same as… / 同…一樣
ขันที,,"eunuch / 太監, 宦官"
ฮั่นแน่,"語氣助詞, 泰文極度地道、活潑又帶點搞笑嘅感嘆詞 / 口頭禪","see? hehe / 嘻嘻, 捉到你啦, 呢呢呢"
เชียว,語氣助詞,"la! / 添!, 啦!"
อื้อฮือ,"語氣助詞, 感嘆詞","woah / 哇塞, 哇哦"
คิ้วโก่ง,,arched eyebrows / 彎起眉頭
คิ้ว,,eyebrows / 眉
เยี่ยวเหนียว,形容極度緊張、緊張到口乾舌燥或憋尿的狀態,sticky urine / 尿都黏住
โก่ง,,bend / 彎曲
นักพนัน,,gamblers / 賭徒
แน่เลย,,definitely / 肯定啦
วันตรุษจีน,,"chinese new year / 中國新年, 春節"
สารทจีน,,"ghost festival / 孟蘭節, 鬼節"
ล้อมวง,,wrap a circle / 圍圈
วันไหว้พระจันทร์,,mid autumn festival / 中秋節
เอง,"如果放響句尾時, 強調數量少 / 程度輕","merely / 咋嘛, 僅僅, …咋"
ของกิน,,food / 食既野
ซิ,"同 สิ 一樣意思, 只係較高音會帶有撒嬌意味或強烈催促","go ahead, of course / 啦! 梗係啦!"
สองเด้ง,,double win / 雙賠
โกง,,"cheat / 欺騙, 呃"
จั่ว,,"draw a card / 抽牌, 摸牌"
คิดเลข,,"calculate / 計算, 計數"
นี่,形容短距離,here / 呢度
นั่น,形容中距離,there / 果度
นู้น,形容長距離,over there / 果邊
แม้กระทั่ง,,even / 甚至連
ไม่เห็นพูดเลย,,didn’t say anything / 又唔見你講
ไม่รับ,,"didn’t pick up call / 唔聽電話, 無聽電話"
ไม่รับ,,not payable / 唔收
ไม่รับ,,not confess / 唔認罪
งอน,,"sulk / 悶悶不樂, 生悶氣"
ไม่ยอม,,refuse / 拒絕
คนขาด,,labor shortage / 唔夠人手
กับข้าว,,"dishes / 餸菜, 飯菜"
ใส่,,put inside / 放入
หนีบ,,"clip, pinch / 夾住, 鉗住"
ฝา,,lid / 蓋
หมูหยอง,,dried shredded pork / 肉鬆
ถึงว่า,,"no doubt that / 難怪, 唔怪得之"
ถุงหนึ่ง,,one bag / 一袋
กำไร,,profit / 利潤
หนังยาง,,rubber band / 橡皮筋
เงินแท้,,"silver / 真銀, 純銀"
แจ๋ว,,awesome / 正
รสชาติ,,taste / 味道
มานี่,,come here / 過黎
แต๊งกิ้ว,,thank you / 多謝
ข้างห้อง,,"next door / 隔離屋, 隔離房"
ต่างจังหวัด,,"out of town / 外省, 鄉下, 外府"
บวช,,"become a monk / 出家, 做和尚"
สึก,,"worn out / 磨損, 損耗"
สึก,"形容僧侶唔再做和尚, 返黎做返普通人",disrobe / 還俗
แม่บ้าน,,housewife / 家庭主婦
สะอาด,,clean / 清潔
เชิ้ด,,shirt / 襯衫
ลงขาย,,"list for sale / 出售, 放盤"
ชุด,,outfit / 衣著
อู้,,"being lazy / 蛇王, 偷懶"
ป.หนึ่ง,,primary one / 小學一年級
เชย,,"unfashionable / 老土, 柒"
ปลูก,,plant / 種植
ต้น,,tree / 樹
ไปที่หนึ่ง,,"go to one place / 去一個地方, 去某個地方"
เปรียบ,,"compare / 對比, 比較"
เหล่ากู๋,,uncle / 大舅父
ฮวงซุ้ย,,fengshui coffin / 風水墓
ยกให้,常指將財產、土地或物品轉交/過戶給某人,"entail / 讓給, 給予, 移交"
อายุขัย,,life span / 壽命
เช็ดขี้เช็ดเยี่ยว,,wipe up poop and pee / 抹屎抹尿
ประเดียว,"正式, 書面語",a moment / 一陣間
โหลยโท่ย,,"rubbish / 廢柴, 垃圾"
ระมัดระวัง,,be careful / 小心謹慎
กตัญญู,,"grateful, dutiful / 孝順"
ไร้สาระ,,pointless / 無意義
ห่วยๆ,,"bad, terrible / 糟糕, 差勁"
จน,,poor / 貧窮
ชุ่ยๆ,,"carelessly / 敷衍地, 隨便地"
กูเกิล,,google / 谷歌
กูเกิล สตรีท,,google street view / 谷歌街景
ยกมือ,,lift hand / 舉手
ตอบสนอง,,respond / 反應
ทำเคมี,同 คีโม 一樣意思,do chemotherapy / 做化療
โฉนดบ้าน,,home deed / 屋契
เหลือเกิน,,exceedingly / 極度
วันหลัง,,later on / 日後
ตู้เสื้อผ้า,,wardrobe / 衣櫃
ทำเหมือน,,"do like, act like / 做到好似, 搞到好似"
โอนชื่อ,,"transfer of ownership / 轉戶, 過戶"
รอจ่ายตังค์,,"queue for payment / 排隊俾錢, 排隊付費"
เข็น,,push / 推
แท็กซี่,,"taxi / 的士, 計程車"
ไหน...ไง,,at first…? / 當初唔係話…咩?
โง่,,"stupid / 笨, 蠢"
แม่เอ็ง,,your mother / 你老母
งานศพ,,funeral / 喪禮
ปลอบใจ,,to comfort / 安慰
สบายใจ,,"relaxed / 舒服, 安心"
คราวที่แล้ว,,last time / 上一次
เหล่าโกว,潮洲話,great aunt / 姑婆
ตรวจเจอ,,detected / 檢測出
หน้ามืด,,faint / 頭暈
เส้นเลือด,,blood vessel / 血管
ตีบ,,narrow / 狹窄
ลูกสะใภ้,,"daughter in law / 媳婦, 新抱"
เมืองนอก,,abroad / 國外
ถาวร,,"permanent / 永久, 長期"
สำลัก,,"choking / 嗆到, 哽親"
สําลัก,,suffocate / 窒息
บ้านพักคนชรา,,"retirement home / 安老院, 老人院"
โชว์หวิว,,show off sexy / 展示性感
ก้อน,用於計算塊狀物或一大筆資金的量詞,"piece / 舊, 塊, 團"
แล้วนี่,,and now… / 咁…
แบบผม,,like me / 好似我呢種
ของหมดอายุ,,expired things / 過期野
ของค้าง,,"leftovers / 隔夜野, 食淨既野"
กรรมพันธุ์,,inheritance / 遺傳
ช่วงเวลาดีๆ,,good memory of time / 美好時光
ตามสบาย,,"make yourself like at home / 隨便, 隨意, 隨心, 想點就點"
เซ้าซี้,,"pester, nag / 死纏爛打, chur住黎"
ลาภ,,"fortune / 財富, 意外之財"
มาเยือน,,come visit / 來拜訪
ผ้าขี้ริ้ว,,cow’s intestine / 牛栢葉
จำไม่ได้,,not remember / 唔記得
ใบพาย,,oyster blade / 牛肌腱
จำไม่เห็นได้,帶有反駁、質疑、強調自己完全不知情嘅語氣,"totally forgotten / 完全唔記得, 完全無印象"
กะจั๊ว,,"cockroach / 曱甴, 蟑螂"
ฝากเงิน,,"deposit money / 入錢, 存錢"
ไปหมด,,all gone / 全部無晒
ไปหมด,,everywhere / 到處到是
พูดแล้ว,"擺係句尾解做講左啦. 係一個單純陳述, 無提醒對方既意思",said already / 講左啦
พูดแล้ว,擺係句尾解做一講起就,as said… / 一講起就…
บอกแล้ว,,told you so / 一早講左你知啦
ขนลุก,,goosebump / 起雞皮
เคาะ,,"knock / 敲打, 敲擊"
สะพาน,,bridge / 橋
โปรย,,"spray / 灑, 噴灑"
ซอง,,envelope / 信封
หมู,,pig / 豬
หมู่,,group / 群組
หม้อ,,pot / 鍋
ตลาดหุ้น,,stock market / 股市
คลื่น,,wave / 浪
ท่าเรือ,,port / 港口
เบื้องหลัง,,"back side, insider / 背後, 幕後"
สด,,fresh / 新鮮
แบบทดสอบ,,"test paper / 測驗卷, 試題"
กระซิบ,,"whisper / 耳語, 低聲說"
กระโดดร่ม,,skydive / 跳傘
กราบ,,"prostrate / 跪拜, 頂禮"
กวาดบ้าน,,sweep the house / 掃地
กวาดหยากไย่,,"sweep spider webs / 掃蜘蛛網, 除塵"
กวาดใบไม้,,sweep leaves / 掃落葉
กำจัดแมลง,,"exterminate insects / 除蟲, 消滅害蟲"
กินยา,,"take medicine / 服藥, 食藥"
กิน,,eat / 吃
ขัดห้องน้ำ,,"scrub the bathroom / 刷洗手間, 洗廁所"
ขัดโถส้วม,,scrub the toilet / 刷馬桶
ขับขี่,,"drive / ride / 駕駛, 騎乘"
ครอบแก้ว,,cupping therapy / 拔罐
ขึ้นเครื่องบิน,,"board a plane / 登機, 搭飛機"
คลาน,,crawl / 爬行
คัดแยกขยะ,,sort garbage / 垃圾分類
คิด,,"think / 思考, 想, 計算"
ค้นหา,,"search / 尋找, 搜尋"
จองห้อง,,book a room / 訂房
จัดตู้เสื้อผ้า,,organize the wardrobe / 整理衣櫃
จอดรถ,,"park a car / 泊車, 停車"
จัดระเบียบ,,"organize / tidy up / 整理, 使有條理"
จัดเตียง,,"make the bed / 整理床鋪, 鋪床"
จัดเก็บ,,"store / put away / 整理, 儲存"
จับต้อง,,"touch / 觸摸, 觸碰"
จ่ายเงิน,,"pay / 付款, 付錢"
จำ,,remember / 記得
ช้อปปิ้ง,,"go shopping / 購物, 買東西"
ซักผ้า,,wash clothes / 洗衣服
ซักผ้าม่าน,,wash curtains / 洗窗簾
ซักมือ,,hand wash / 手洗
ซักแห้ง,,dry clean / 乾洗
ซื้อ,,buy / 買
ซ่อมท่อน้ำ,,repair water pipes / 修理水管
ซ่อมประปา,,"repair plumbing / 修理水管, 修水龍頭"
ซ่อมเฟอร์นิเจอร์,,repair furniture / 修理家具
ซ่อมแซม,,"repair / mend / 修理, 修補"
ซ่อมแซมหลังคา,,repair the roof / 修理屋頂
ซ่อมไฟ,,"repair electrical wiring / fix lights / 修理電路, 修燈"
ดำน้ำ,,scuba dive / 潛水
ดื่ม,,drink / 喝
ดู,,look / watch / 看
ดูดฝุ่นพรม,,vacuum the carpet / 吸塵地毯
ดูทีวี,,watch TV / 看電視
ตบมือ,,"clap / applaud / 拍手, 鼓掌"
ตกแต่งบ้าน,,"decorate the house / renovate / 裝飾房屋, 裝修"
ตรวจปัสสาวะ,,urine test / 驗尿
ตรวจอุจจาระ,,"stool test / fecal examination / 驗便, 驗糞便"
ตักบาตร,,"offer alms to monks / 供僧, 施齋"
ตัดหญ้า,,"mow the lawn / 剪草, 割草"
ตากผ้า,,"hang clothes to dry / 晾衣服, 曬衣服"
ตัดแต่งกิ่งไม้,,prune tree branches / 修剪樹枝
ติดตั้งโคมไฟ,,install light fixtures / 安裝燈具
ถอนหญ้า,,"weed / pull weeds / 拔草, 除草"
ถอนเงิน,,"withdraw money / 提款, 取錢"
ถักไหมพรม,,"knit / 織毛衣, 針織"
ถูพื้น,,mop the floor / 拖地
ถูพื้นห้อง,,"mop the room floor / 拖地板, 抹地"
ทายา,,"apply medicine / ointment / 塗藥, 搽藥"
ทาสีบ้าน,,"paint the house / 粉刷房屋, 刷漆"
ทาสีรั้ว,,"paint the fence / 粉刷圍欄, 刷柵欄"
ทำกายภาพบำบัด,,do physical therapy / 進行物理治療
ทำความสะอาดกรง,,clean the cage / 清理籠子
ทำความสะอาดพรม,,clean the carpet / 清洗地毯
ทำงาน,,work / 工作
ทำลาย,,"destroy / 破壞, 毀壞"
ทำบุญ,,"make merit / do good deeds / 做功德, 行善"
ทำแผล,,"dress a wound / treat a wound / 包紮傷口, 護理傷口"
ทิ้งขยะมูลฝอย,,dispose of waste / 丟棄垃圾
ทิ้งขยะ,,throw away garbage / 扔垃圾
นวดบำบัด,,"therapeutic massage / 推拿治療, 按摩治療"
นอน,,sleep / 睡覺
นอนคว่ำ,,"lie face down / 俯臥, 趴著"
นอนหงาย,,"lie on one's back / 仰臥, 躺著"
บูชา,,"worship / 崇拜, 祭祀"
บิน,,"fly / 飛, 飛行"
ปฐมพยาบาล,,"first aid / administer first aid / 急救, 進行急救"
ประกอบเฟอร์นิเจอร์,,assemble furniture / 組裝家具
ประคบสมุนไพร,,herbal compress / 熱敷草藥包
ปรับปรุงบ้าน,,"renovate the house / 翻新房屋, 改造"
ปลูกต้นไม้,,"plant trees / 種植植物, 種樹"
ปัดฝุ่น,,"dust / 除塵, 撣灰塵"
ปั่นแห้ง,,"spin-dry / 脫水, 甩乾"
ปั้นดินน้ำมัน,,"play with modeling clay / 捏橡皮泥, 玩黏土"
ปิด,,"close / shut / 關閉, 合上"
ฝังเข็ม,,acupuncture / 針灸
ฝึกสัตว์เลี้ยง,,train pets / 訓練寵物
พกพา,,carry / 攜帶
พบ,,"meet / find (formal) / 遇見, 發現(正式)"
พับกระดาษ,,fold paper / origami / 折紙
พับผ้า,,"fold clothes / 折衣服, 疊衣服"
พาสุนัขไปเดินเล่น,,"walk the dog / 帶狗散步, 遛狗"
พูด,,speak / talk / 說話
พ่นยาฆ่าแมลง,,spray insecticide / 噴灑殺蟲劑
พ่นยาแก้หอบ,,inhale asthma medication / 吸入哮喘藥
ฟุ่มเฟือย,,"spend extravagantly / be extravagant / 揮霍, 奢侈"
ย้ายบ้าน,,move house / 搬家
รดน้ำต้นไม้,,"water the plants / 澆花, 澆水"
รดน้ำสนามหญ้า,,water the lawn / 澆灌草坪
รักษาความสะอาด,,keep clean / maintain cleanliness / 保持清潔
รักใคร่,,"love / be fond of / 愛慕, 喜愛"
รับ,,"receive / answer (the phone) / 接受, 接聽"
รีดผ้า,,"iron clothes / 燙衣服, 熨斗"
รับประทาน,,"eat (polite form) / 享用, 吃(禮貌)"
รู้,,know / 知道
รู้สึก,,feel / 感覺
ล้างกระจก,,clean windows / 清洗玻璃
ล้างจาน,,wash dishes / 洗碗
ล้างถังขยะ,,clean the trash can / 清洗垃圾桶
ล้างหน้า,,wash one's face / 洗臉
ล้างอ่างล้างหน้า,,clean the washbasin / 清洗洗手盆
ล้างเครื่องปรับอากาศ,,"clean the air conditioner / 清洗空調, 洗冷氣"
ล้างแผล,,clean a wound / 清洗傷口
วัดความดัน,,measure blood pressure / 量血壓
วัดไข้,,take one's temperature / 量體溫
วาดภาพระบายสี,,draw and color a picture / 繪畫並上色
ว่าย,,"swim / 游, 游泳"
สระผม,,wash hair / shampoo / 洗頭
สวดมนต์,,"chant / pray / 誦經, 祈禱"
ส่องกล้อง,,"endoscopy / gastroscopy / colonoscopy / 內窺鏡檢查, 照胃鏡, 照腸鏡"
สั่นสะเทือน,,"vibrate / tremble / 震動, 發抖"
หยอดตา,,put in eye drops / 滴眼藥水
หยุดพัก,,"take a break / pause / 暫停, 中休"
หยอดหู,,put in ear drops / 滴耳藥水
หล่น,,"drop / fall / 掉落, 遺落"
หวีผม,,comb hair / 梳頭
หาย,,"disappear / recover (from illness) / 丟失, 痊癒"
อบสมุนไพร,,"herbal steam bath / 草藥薰蒸, 蒸氣浴"
อาบน้ำสุนัข,,bathe the dog / 幫狗洗澡
อาบแดด,,sunbathe / 日光浴
อ่าน,,read / 讀
เกลียดชัง,,"hate / detest / 憎恨, 討厭"
เก็บผลไม้,,"pick fruit / 採摘水果, 摘果"
เก็บผ้า,,put away clothes / 收衣服
เก็บเงิน,,"save money / collect money / 存錢, 收款"
เข้าใจ,,understand / 理解
เข้าใจผิด,,"misunderstand / 誤解, 誤會"
เจอ,,"meet / find / 遇見, 找到"
เช็ดกระจก,,"wipe the windows / 擦玻璃, 抹窗"
เจาะเลือด,,draw blood / 抽血
เช็ดโต๊ะ,,"wipe the table / 擦桌子, 抹檯"
เดิน,,walk / 走路
เดินเล่น,,take a stroll / 散步
เต้นรำ,,dance / 跳舞
เปลี่ยนผ้าปูที่นอน,,change the bed sheets / 更換床單
เปลี่ยนหลอดไฟ,,change the light bulb / 更換燈泡
เปิด,,"open / 打開, 開啟"
เย็บปักถักร้อย,,"sew / embroider / needlework / 針線活, 刺繡"
เรียน,,study / 學習
เลี้ยงสัตว์,,"raise animals / keep pets / 飼養動物, 養寵物"
แขวน,,"hang / suspend / 懸掛, 吊"
เล่นเกม,,play games / 玩遊戲
แตะ,,"touch lightly / 輕觸, 碰"
แต่งหน้า,,put on makeup / 化妝
แปรงขนสัตว์,,brush pet fur / 梳理寵物毛髮
โกนหนวด,,shave / 剃鬚
แปรงฟัน,,brush teeth / 刷牙
โกรธแค้น,,"be angry / resentful / 憤恨, 生氣"
ใช้เงิน,,spend money / 花錢
โอนเงิน,,transfer money / 轉賬
ใส่ปุ๋ย,,apply fertilizer / 施肥
ใส่ปุ๋ยต้นไม้,,fertilize plants / 給植物施肥
ให้อาหารสัตว์,,"feed animals / 餵養動物, 餵食"
ไป,,go / 去
กระบวนการ,,"process / procedure / steps / 過程, 程序, 步驟"
กระบวนการทำงาน,,"work process / workflow / 工作流程, 工序"
กลยุทธ์การตลาด,,"marketing strategy / 營銷策略, 市場戰略"
การคุ้มครองผู้บริโภค,,"consumer protection / 消費者保護, 消保"
การตรวจสอบได้,,"accountability / auditability / 可問責性, 可審計性"
การประนีประนอม,,"mediation / compromise / 調解, 和解, 妥協"
การประเมิน,,"assessment / valuation (noun) / 評估, 估價(名詞)"
การประเมินผล,,"evaluation / performance appraisal / 評估, 評價"
การพัฒนาอย่างยั่งยืน,,sustainable development / 可持續發展
การผูกขาด,,"monopoly / 壟斷, 獨佔"
การยอมรับความแตกต่าง,,"inclusivity / acceptance of differences / 包容性, 包容"
การระงับข้อพิพาท,,"dispute resolution / 糾紛解決, 爭端解決"
การวิจัย,,"research / investigation (noun) / 研究, 調查(名詞)"
การวิเคราะห์,讀 gan we kraw,analysis (noun) / 分析(名詞)
การสังเคราะห์,,"synthesis (noun) / 綜合, 合成(名詞)"
การเปิดเสรี,,"liberalization / market opening / 自由化, 開放市場"
การแข่งขันที่ยุติธรรม,,fair competition / 公平競爭
การแปรรูปเป็นเอกชน,,"privatization / 私有化, 民營化"
ความคิดสร้างสรรค์,,"creativity / 創造力, 創意"
ความซับซ้อน,,"complexity / 複雜性, 複雜度"
ความยั่งยืน,讀 kwam young yuen,sustainability / 可持續性
ความรับผิดชอบต่อสังคม,,"social responsibility / corporate social responsibility / 社會責任, 企業社會責任"
ความสง่างาม,,"elegance / grace / dignity / 優雅, 高雅, 莊嚴"
ความสามารถ,,"ability / capability / 能力, 才幹"
ความสามารถพิเศษ,,"special talent / specialty / 特長, 特殊才能"
ความหลากหลาย,,"diversity / 多樣性, 多元化"
ความเป็นมืออาชีพ,,"professionalism / 專業精神, 職業操守"
ความเป็นเลิศ,,"excellence / 卓越, 優秀"
ความเสมอภาค,,"equality / equal rights / 平等, 平權"
ความโปร่งใส,,"transparency / 透明度, 透明性"
ดั้งเดิม,,"original / traditional / 原始的, 傳統的, 原創的"
ต้นฉบับ,,"manuscript / original work / 手稿, 原著, 原創的"
นวัตกรรม,,"innovation / 創新, 革新"
นามธรรม,,"abstract / abstract concept / 抽象的, 抽象概念"
นวัตกรรมใหม่,,"new innovation / invention / 創新, 新發明"
ประสิทธิภาพ,,"efficiency / effectiveness / 效率, 效能"
ปัญญาประดิษฐ์,,artificial intelligence (AI) / 人工智能 (AI)
ผู้เชี่ยวชาญ,讀 pu chill chan,"expert / specialist / 專家, 行家"
ผู้เชี่ยวชาญเฉพาะทาง,,"specialist / specialist doctor / 專科醫生, 專家"
ผู้เริ่มต้น,,"beginner / novice / 初學者, 新手"
พรสวรรค์,,"talent / natural gift / 天賦, 天資"
มลพิษ,,pollution / 污染
มีประสิทธิภาพ,,"efficient / highly effective / 高效的, 有效率的"
มาตรฐานสากล,,international standard / 國際標準
มีเหตุผล,,"reasonable / rational / 合理的, 有理性的"
มือสมัครเล่น,,"amateur / hobbyist / 業餘愛好者, 業餘的"
ยุติธรรม,,"fair / just / justice / 公平, 正義"
มืออาชีพ,,"professional / 專業人士, 職業的"
ระดับกลาง,,"intermediate level / mid-level / 中等水平, 中級的"
ระบบ,讀 ra bob,"system / regime / 系統, 體制"
ระบบนิเวศน์,,"ecosystem / 生態系統, 生態"
วัตถุประสงค์,,"objective / purpose / aim / 客觀的, 宗旨, 目的"
ศักยภาพ,,"potential / 潛力, 潛能"
ศักยภาพสูง,,"high potential / 高潛力, 有潛能的"
สมมติฐาน,,"hypothesis / 假設, 假說"
สากลนิยม,,"internationalism / cosmopolitanism / 國際主義, 世界主義"
สร้างสรรค์,,"creative / 創造性的, 有創意的"
สิ่งแวดล้อม,,environment / 環境
อนุญาโตตุลาการ,,arbitration / 仲裁
หรูหราสง่างาม,,"elegant / graceful / 高雅的, 優雅的"
อัตวิสัย,,subjective / 主觀的
เทคโนโลยี,,"technology / 技術, 科技"
เทคนิค,,"technique / skill / 技術, 技巧"
เป็นกลาง,,"neutral / objective / impartial / 客觀的, 中立的"
เป็นนามธรรม,,abstract / 抽象的
เป็นรูปธรรม,,"concrete / tangible / 具體的, 實質的"
เป็นส่วนตัว,,"private / personal / 主觀的, 私人的"
เสรีภาพ,,freedom / liberty / 自由
โครงสร้างพื้นฐาน,,"infrastructure / 基礎建設, 基建"
แนวคิด,,"concept / idea / notion / 概念, 觀念, 想法"
โลกาภิวัตน์,,globalization / 全球化
กระต่าย,,rabbit / 兔子
กบ,,frog / 青蛙
กระรอก,,squirrel / 松鼠
กวาง,,deer / 鹿
กุ้ง,,shrimp / prawn / 蝦
งู,,snake / 蛇
จิงโจ้,,kangaroo / 袋鼠
จระเข้,讀 jor la care,crocodile / 鱷魚
ฉลาม,,shark / 鯊魚
นกพิราบ,,"pigeon / dove / 白鴿, 鴿子"
นกอินทรี,,"eagle / 老鷹, 鵰"
นกฮูก,,owl / 貓頭鷹
ปลา,,fish / 魚
นกแก้ว,,parrot / 鸚鵡
ผีเสื้อ,,butterfly / 蝴蝶
มด,,ant / 螞蟻
ม้าลาย,,zebra / 斑馬
ยีราฟ,,giraffe / 長頸鹿
ยุง,,mosquito / 蚊子
ลิง,,monkey / 猴子
วัว,,cow / 牛
วาฬ,,whale / 鯨魚
สุนัขจิ้งจอก,,fox / 狐狸
หนู,,"mouse / rat / 老鼠, 老鼠仔"
หมาป่า,,wolf / 狼
หมีขั้วโลก,,polar bear / 北極熊
หมี,,bear / 熊
หมีแพนด้า,,panda / 大熊貓
หมึกยักษ์,,"octopus / 八爪魚, 章魚"
หอย,,"shellfish / shell / clam / 貝類, 貝殼, 蜆"
อูฐ,,camel / 駱駝
เสือ,,tiger / 老虎
เต่า,,turtle / tortoise / 烏龜
เสือชีตาห์,,cheetah / 獵豹
เสือดาว,,"leopard / 豹, 花豹"
แกะ,,sheep / 綿羊
แพะ,,goat / 山羊
แมงป่อง,,scorpion / 蠍子
แมงมุม,,spider / 蜘蛛
แมลงวัน,,fly / 蒼蠅
โลมา,,dolphin / 海豚
กลม,,round / circular / 圓形
กว้างขวาง,,"spacious / wide / 寬敞, 寬闊"
ขี้เหร่,,ugly / 醜陋
คมคาย,,"sharp features / well-defined features / 清秀, 五官分明"
ชั่วครู่,,"a moment / a short while / 短暫, 一會兒"
ซกมก,,"dirty / messy / sloppy / 骯髒, 邋遢"
ตื้น,,"shallow / superficial / 淺, 淺顯"
ทันสมัย,,"modern / fashionable / 時尚, 摩登, 現代化"
นุ่ม,,"soft / soft and fluffy / 柔軟, 軟綿綿"
น่ารัก,,cute / adorable / 可愛
บางเบา,,"light / delicate / airy / 輕盈, 輕薄"
ผอม,,thin / skinny / 瘦
ยาวนาน,,long / prolonged / 漫長
รวดเร็ว,,"fast / rapid / swift / 迅速, 火速"
ลึกซึ้ง,,"deep / profound / 深刻, 深奧"
วุ่นวาย,,"chaotic / messy / busy / 混亂, 混雜, 繁忙"
สลัว,,"dim / faint / hazy / 微弱, 幽暗, 朦朧"
สวยงาม,,beautiful / lovely / 美麗
สะอาดสะอ้าน,,spotlessly clean / 乾乾淨淨
หนวกหู,,"noisy / deafening / 吵鬧, 震耳欲聾"
หนักหน่วง,,"heavy / serious / 沉重, 嚴重"
หนาแน่น,,"dense / crowded / 稠密, 擁擠"
หรูหรา,,"luxurious / extravagant / 豪華, 奢侈"
อายุน้อย,,"young / young age / 年輕, 年紀小"
อัปลักษณ์,,"hideous / repulsive / 面目可憎, 極醜"
อายุมาก,,"old / elderly / advanced in age / 年邁, 年紀大"
อ้วน,,fat / overweight / 胖
เก่าแก่,,"ancient / age-old / 古老, 歷史悠久"
เงียบสงบ,,"quiet / peaceful / 安靜, 寧靜"
เชื่องช้า,,"slow / sluggish / 緩慢, 遲緩"
เตี้ย,,short (height) / 矮
เปราะบาง,,"fragile / brittle / 脆弱, 易碎"
เบาบาง,,"thin / sparse / meager / 稀薄, 微薄"
เรียบง่าย,,"simple / plain / 簡單, 樸素"
เล็ก,,small / 小
เหลี่ยม,,"angular / square / 方形, 有角"
แข็งแรง,,"strong / healthy / 強壯, 健康"
แบน,,flat / 扁平
กระผม,,"I (very polite male) / 在下, 小弟(極禮貌男稱)"
ก็,,"also / then / so / 也, 就, 那麼"
คุณ,,"you / Mr. / Ms. / 你, 您, 先生, 女士"
จริง,,"true / real / 真的, 真實"
ดิฉัน,,"I (polite female) / 本人, 我(禮貌女稱)"
ดี,,good / 好
พวกคุณ,,you (plural) / 你們
พวกเรา,,we / us / 我們
มัน,,"it / he/she (for animals) / 牠, 它"
หรือ,,"or / 或者, 還是"
เกือบจะ,,"almost / nearly / 幾乎, 差不多"
เพราะว่า,,"because / 因為, 由於"
เลว,,bad / 壞
แล้ว,,"then / already / 然後, 已經"
ใช่,"再口語化d, 日常會講 ช่าย, 拉長小小",yes / 是
ไม่ใช่,,no / not / 不是
กระดูก,,bone / 骨頭
กระเพาะอาหาร,,stomach / 胃部
กล้ามเนื้อ,,muscle / 肌肉
กะโหลกศีรษะ,,"skull / 頭骨, 顱骨"
ก้น,,"buttocks / bottom / 屁股, 臀部, 底部"
ขนตา,,eyelashes / 睫毛
ข้อมือ,,wrist / 手腕
ข้อเท้า,,ankle / 腳踝
คอหอย,,"throat / 喉嚨, 咽喉"
คอ,,neck / 脖子
คาง,,chin / 下巴
ตับ,,liver / 肝臟
ต้นขา,,thigh / 大腿
ท้อง,,belly / stomach / 肚子
นิ้ว,,finger / 手指
นิ้วกลาง,,middle finger / 中指
นิ้วก้อย,,little finger / pinky / 小指
นิ้วชี้,,index finger / 食指
นิ้วนาง,,ring finger / 無名指
นิ้วหัวแม่มือ,,thumb / 大拇指
น่อง,,"calf / 小腿, 腓腸肌"
ปอด,,lung / 肺部
ผม,,hair / 頭髮
ผิวหนัง,,skin / 皮膚
ฝ่ามือ,,palm (of the hand) / 手掌
ฝ่าเท้า,,"sole (of the foot) / 腳底, 腳掌"
ริมฝีปาก,,lips / 嘴唇
สะโพก,,"hip / buttocks / 臀部, 屁股"
ส้นเท้า,,heel / 腳後跟
หน้าผาก,,forehead / 額頭
หน้าอก,,"chest / 胸部, 胸膛"
หัว,,head / 頭
เครา,,"beard / goatee / 落腮鬍, 山羊胡"
เข่า,,knee / 膝蓋
เล็บ,,nail / fingernail / 指甲
เหงือก,,"gum / 牙齦, 牙肉"
แก้ม,,cheek / 臉頰
ไต,,kidney / 腎臟
กลยุทธ์,,"strategy / 策略, 戰略"
กองทุน,,fund / 基金
กองทุนรวม,,"mutual fund / 共同基金, 互惠基金"
กองทุนสำรองเลี้ยงชีพ,,"provident fund / 公積金, 強積金, 公積金計劃"
การกระจายความเสี่ยง,,"risk diversification / portfolio diversification / 分散風險, 投資組合多元化"
การขอคืนภาษี,,"tax refund / apply for tax refund / 退稅, 申請退稅"
การควบรวมกิจการ,,"merger and acquisition / corporate merger / 併購, 企業合併"
การคืนเงิน,,refund (noun) / 退款(名詞)
การค้าระหว่างประเทศ,,"international trade / 國際貿易, 跨國貿易"
การค้ำประกัน,,"guarantee / collateral / 擔保, 保證"
การชำระเงินกู้,,"loan repayment / 償還貸款, 還款"
การตลาด,,"marketing / 市場營銷, 營銷"
การทำธุรกรรมทางการเงิน,,"financial transaction / banking transaction / 金融交易, 銀行交易"
การนำเข้า,,"import / 進口, 輸入"
การนำเสนอ,,"presentation / briefing / 演示, 簡報, 簡介"
การบริหารความเสี่ยง,,risk management / 風險管理
การประกันภัย,,insurance (noun) / 保險(名詞)
การประมูล,,"bidding / auction / tender / 招標, 競投, 拍賣"
การลงทุนต่างประเทศ,,"foreign investment / overseas investment / 外商投資, 境外投資"
การวางแผนทางการเงิน,,"financial planning / 財務規劃, 理財規劃"
การวางแผนภาษี,,"tax planning / 稅務規劃, 避稅規劃"
การวิเคราะห์ความเสี่ยง,,risk analysis / 風險分析
การส่งออก,,"export / 出口, 輸出"
การเงิน,,"finance / financial / 金融, 財務"
การเลี่ยงภาษี,,"tax evasion / 逃稅, 漏稅"
การเจรจา,,"negotiation / 談判, 協商"
ขาดทุน,,loss / deficit / 虧損
ค่าใช้จ่าย,,"expense / expenditure / 支出, 費用"
ดอกเบี้ย,,interest / 利息
ดัชนีหุ้น,,"stock index / 股票指數, 股指"
ตราสินค้า,,"brand / trademark / 品牌, 商標"
ตลาดหลักทรัพย์,,"stock exchange / stock market / 證券交易所, 股市"
ตู้เอทีเอ็ม,,"ATM / automated teller machine / 自動櫃員機, ATM"
ทรัพย์สินทางปัญญา,,"intellectual property / 知識產權, 專利權"
ที่ปรึกษาทางการเงิน,,"financial advisor / 財務顧問, 理財顧問"
ธนาคารบนมือถือ,,"mobile banking / online banking / 手機銀行, 網上銀行"
ธนาคารกลาง,,central bank / 中央銀行
นัดหมาย,,"appointment / 預約, 約會"
บัญชีเงินฝากกระแสรายวัน,,"current account / checking account / 往來存款帳戶, 支票戶口"
บัญชีเงินฝากออมทรัพย์,,savings account / 儲蓄存款帳戶
บัญชีเงินฝากประจำ,,fixed deposit account / 定期存款帳戶
บัตรเดบิต,,"debit card / 借記卡, 提款卡"
ผลตอบแทนจากการลงทุน,,"return on investment / ROI / 投資回報率, ROI"
พันธบัตร,,"bond / government bond / 債券, 公債"
ผู้บริโภค,讀 pu ball li pork,consumer / 消費者
ภาษี,,tax / taxation / 稅務
ลงทุน,,invest / 投資
ลิขสิทธิ์,,"copyright / 版權, 著作權"
ลูกหนี้,,"debtor / borrower / 債務人, 借款人"
ล้มละลาย,,bankruptcy / 破產
ศุลกากร,,"customs / customs office / 海關, 關稅局"
วงเงินกู้,,"loan limit / credit limit / 貸款額度, 信用額度"
สัมปทาน,,"concession / franchise / 特許經營權, 專營權"
ส่วนลด,,"discount / 折扣, 減價"
สิทธิบัตร,,"patent / 專利, 專利證書"
หนี้สิน,,"debt / liability / 債務, 欠款"
หุ้น,,"stock / share / 股票, 股份"
อัตราภาษี,,tax rate / 稅率
อุตสาหกรรม,,"industry / 工業, 產業"
เครื่องหมายการค้า,,"trademark / registered trademark / 商標, 註冊商標"
เงินปันผล,,"dividend / 股息, 紅利, 分紅"
เจ้าหนี้,,"creditor / lender / 債權人, 放債人"
โครงการ,,"project / plan / 項目, 計劃, 工程"
ใบแจ้งหนี้,,"invoice / bill / 發票, 賬單"
กระเป๋าเงิน,,"wallet / 銀包, 錢包"
กระเป๋าถือ,,"handbag / 手袋, 手提包"
กระเป๋าเป้สะพายหลัง,,"backpack / 雙肩包, 後背包"
กระโปรง,,skirt / 裙子
กางเกง,,trousers / pants / 褲子
กางเกงยีนส์,,jeans / 牛仔褲
ชุดชั้นใน,,"underwear / lingerie / 內衣, 內褲"
กางเกงใน,,"underwear / underpants / 內褲, 底褲"
ชุดนอน,,pajamas / nightwear / 睡衣
ชุดว่ายน้ำ,,swimsuit / 泳衣
ซิป,,zipper / 拉鍊
ชุดสูท,,"suit / 西裝, 套裝"
ต่างหู,,earrings / 耳環
ถุงมือ,,gloves / 手套
ผ้าพันคอ,,scarf / 圍巾
ถุงเท้า,,socks / 襪子
รองเท้าบูท,,boots / 靴子
รองเท้าผ้าใบ,,"sneakers / sports shoes / canvas shoes / 波鞋, 運動鞋, 帆布鞋"
รองเท้าส้นสูง,,high heels / 高跟鞋
รองเท้าแตะ,,"slippers / flip-flops / 拖鞋, 人字拖"
สร้อยคอ,,necklace / 項鍊
เข็มกลัด,,"brooch / pin / 胸針, 別針"
เนคไท,,necktie / 領帶
เสื้อยกทรง,,"bra / 胸圍, 胸罩"
เสื้อยืด,,T-shirt / T恤
เสื้อหนาว,,"sweater / jacket / 外套, 毛衣"
เสื้อเบลเซอร์,,"blazer / 西裝外套, 休閒西裝"
เสื้อเชิ้ต,,"shirt / dress shirt / 襯衫, 男裝襯衫"
เสื้อโค้ท,,"coat / overcoat / 大衣, 大褸"
แว่นตา,,glasses / eyeglasses / 眼鏡
แหวนแต่งงาน,,wedding ring / 結婚戒指
ชมพู,,pink / 粉紅
ดำ,,black / 黑
ทอง,,gold / 金
น้ำเงิน,,"dark blue / 海藍, 正藍"
ม่วง,,purple / 紫
มืด,,dark / 黑暗
สว่าง,,bright / 明亮
สี,,color / 顏色
สีขาว,,white color / 白色
สีครีม,,"cream color / off-white / 奶油色, 乳白色"
สีชมพู,,pink color / 粉紅色
สีชมพูเข้ม,,"dark pink / hot pink / 深粉紅, 桃紅色"
สีชมพูอ่อน,,"light pink / 淺粉紅, 粉紅色"
สีดำ,,black color / 黑色
สีน้ำตาล,,brown color / 棕色
สีทองคำ,,gold color / 金色
สีน้ำตาลอ่อน,,"light brown / beige brown / 淺棕色, 淺褐色"
สีน้ำตาลเข้ม,,"dark brown / 深棕色, 深褐色"
สีน้ำเงิน,,"dark blue color / 海藍色, 正藍色"
สีน้ำเงินเข้ม,,"deep dark blue / deep navy blue / 藏青色, 深藍色"
สีบรอนซ์,,"bronze / 青銅色, 古銅色"
สีม่วง,,purple color / 紫色
สีฟ้าคราม,,"indigo / azure blue / 靛藍色, 湛藍色"
สีส้ม,,orange / 橙色
สีส้มอิฐ,,"brick red / brick orange / 磚紅色, 磚橙色"
สีเขียว,,green color / 綠色
สีเขียวขี้ม้า,,"olive green / army green / 軍綠色, 橄欖綠"
สีเขียวมะนาว,,"lime green / 檸檬綠, 青檸色"
สีเงินยวง,,silver color / 銀色
สีเทาอ่อน,,light gray / 淺灰色
สีเทาเข้ม,,dark gray / 深灰色
สีเบจ,,beige / 米色
สีแดง,,red / 紅色
สีเหลือง,,yellow / 黃色
สีแดงเลือดหมู,,"dark red / blood red / 豬血紅, 深紅色"
อ่อน,,light (color) / 淺色
หลากสี,,multicolored / colorful / 彩色
เข้ม,,dark (color) / 深色
เทา,,gray / grey / 灰
เงิน,,silver / 銀
กรงสัตว์,,"animal cage / 籠子, 獸籠"
กรรไกร,,scissors / 剪刀
กรรไกรตัดหญ้า,,"hedge shears / grass shears / 割草剪, 大剪刀"
กระดาษชำระ,,"toilet paper / tissue paper / 廁紙, 衛生紙"
กระดาษทราย,,sandpaper / 砂紙
กระดาษทิชชู่,,"tissue / facial tissue / 紙巾, 面紙"
กระถางต้นไม้,,flower pot / plant pot / 花盆
กระทะไฟฟ้า,,"electric frying pan / electric wok / 電炒鍋, 電煎鍋"
กล่อง,,"box / 盒子, 箱子"
กล่องยา,,"medicine box / first-aid kit / 藥盒, 醫藥箱"
ก้านสำลี,,"cotton swab / Q-tip / 棉簽, 棉花棒"
ของเล่นสุนัข,,dog toy / 狗玩具
คราด,,rake / 耙子
คีม,,pliers / 鉗子
ค้อน,,"hammer / 鐵錘, 鎚仔"
จอบ,,hoe / 鋤頭
ช่วยด้วย,,"help! / save me / 救命, 幫助"
ซองจดหมาย,,envelope / 信封
ดินปลูกต้นไม้,,"potting soil / planting soil / 培養土, 種植土"
ตลับเมตร,,measuring tape / 捲尺
ตะปู,,nail / 釘子
ถังน้ำ,,water bucket / 水桶
ถังดับเพลิง,,fire extinguisher / 滅火器
ถ่านไฟฉาย,,"battery / dry cell / 乾電池, 電池"
ทรายแมว,,cat litter / 貓砂
นิตยสาร,,magazine / 雜誌
ธนบัตร,,"banknote / paper money / 紙幣, 鈔票"
น้ำหอม,,perfume / 香水
น้ำเกลือ,,saline solution / 生理鹽水
บัตรประจำตัวประชาชน,,ID card / identity card / 身份證
บันไดลิง,,"rope ladder / 軟梯, 繩梯"
บัวรดน้ำ,,"watering can / 澆水壺, 灑水壺"
ปลอกคอ,,"collar / 項圈, 頸圈"
ปลอดภัย,,safe / 安全
ปลั๊กพ่วง,,"extension cord / power strip / 拖線板, 排插"
ปลั๊กไฟ,,"plug / socket / 插頭, 插座"
ปุ๋ย,,fertilizer / 肥料
ผ้าเช็ดตัว,,"towel / bath towel / 浴巾, 毛巾"
พลั่ว,,"shovel / 鏟子, 鐵鏟"
พัดลมไอเย็น,,"cooling fan / evaporative cooler / 冷風扇, 空調扇"
พัสดุ,,"parcel / package / 包裹, 郵包"
พาวเวอร์แบงค์,,"power bank / portable charger / 流動充電器, 移動電源"
มีดโกน,,"razor / 剃鬚刀, 剃刀"
ยาฆ่าแมลง,,"insecticide / pesticide / 殺蟲劑, 農藥"
ยานวด,,"massage cream / muscle ointment / 按摩膏, 藥膏(肌肉酸痛)"
ยาน้ำแก้ไอ,,"cough syrup / 止咳水, 止咳糖漿"
ยาสระผม,,"shampoo / 洗頭水, 洗髮水"
ยาสีฟัน,,toothpaste / 牙膏
ยาเหลือง,,yellow antiseptic / 黃藥水
ยาหม่อง,,"herbal balm / Tiger Balm / 青草藥膏, 萬金油"
ยาแดง,,red antiseptic / 紅藥水
ระวัง,,"be careful / watch out / 小心, 注意"
ลวดเสียบกระดาษ,,"paper clip / 迴形針, 紙夾"
สกรู,,"screw / 螺絲, 螺釘"
สบู่,,"soap / 肥皂, 香皂"
สมุดบันทึก,,"notebook / diary / 日記本, 筆記本"
สวิตช์ไฟ,,"light switch / 電燈開關, 開關"
สายจูง,,"leash / dog leash / 牽引繩, 狗繩"
สายยาง,,"hose / water hose / 水管, 軟管"
สายชาร์จ,,charging cable / 充電線
สายไฟ,,electric wire / cable / 電線
สำลี,,"cotton / cotton ball / 棉花, 棉花球"
สีทาบ้าน,,"house paint / 油漆, 塗料"
สเปรย์แอลกอฮอล์,,alcohol spray / disinfectant spray / 消毒酒精噴霧
หนังสือพิมพ์,,newspaper / 報紙
หน้ากากอนามัย,,face mask / surgical mask / 口罩
หม้อทอดไร้น้ำมัน,,air fryer / 氣炸鍋
หวี,,comb / 梳子
หัวชาร์จ,,"charger head / adapter / 充電頭, 適配器"
หัวฉีดน้ำ,,"nozzle / spray head / 噴嘴, 噴頭"
หุ่นยนต์ดูดฝุ่น,,robot vacuum / 掃地機器人
อาหารสัตว์,,"pet food / animal feed / 寵物飼料, 飼料"
เครื่องกรองน้ำ,,"water filter / water purifier / 濾水器, 淨水器"
เครื่องชั่งน้ำหนัก,,"weighing scale / 體重秤, 磅"
เครื่องชาร์จแบตเตอรี่,,battery charger / 充電器
เครื่องซักผ้า,,washing machine / 洗衣機
เครื่องดูดควัน,,range hood / extractor fan / 抽油煙機
เครื่องดูดฝุ่นไร้สาย,,cordless vacuum cleaner / 無線吸塵器
เครื่องทำกาแฟ,,coffee machine / 咖啡機
เครื่องทำน้ำอุ่น,,"water heater / 熱水器, 熱水爐"
เครื่องบดกาแฟ,,"coffee grinder / 磨豆機, 咖啡磨豆機"
เครื่องปรับความดันโลหิต,,blood pressure monitor / 血壓計
เครื่องปรับอากาศ,,"air conditioner / 空調, 冷氣機"
เครื่องปั่นผลไม้,,"blender / juicer / 攪拌機, 果汁機"
เครื่องปิ้งขนมปังฝรั่งเศส,,"toaster / 烤麵包機, 多士爐"
เครื่องพ่นยา,,"sprayer / inhaler / 噴霧器, 吸入器"
เครื่องฟอกอากาศ,,"air purifier / 空氣清新機, 空氣淨化器"
เครื่องวัดไข้,,thermometer / 體溫計
เครื่องลดความชื้น,,"dehumidifier / 抽濕機, 除濕機"
เครื่องสำอาง,,cosmetics / makeup / 化妝品
เครื่องเป่าผม,,"hair dryer / 風筒, 吹風機"
เครื่องอบผ้าแห้ง,,"clothes dryer / 乾衣機, 烘乾機"
เครื่องเพิ่มความชื้น,,humidifier / 加濕器
เจลล้างมือ,,"hand sanitizer gel / 消毒潔手啫喱, 洗手液"
เครื่องเย็บกระดาษ,,stapler / 訂書機
เตาแก๊สกระป๋อง,,"portable gas stove / cassette stove / 卡式爐, 便攜式瓦斯爐"
เตาแม่เหล็กไฟฟ้า,,induction cooker / 電磁爐
เต้ารับ,,socket / outlet / 插座
เต้ารับไฟฟ้า,,power outlet / 電源插座
เต้าเสียบไฟฟ้า,,power plug / 電源插頭
เต้าเสียบ,,plug / 插頭
เทปกาว,,"adhesive tape / 膠帶, 膠貼"
เทปพันสายไฟ,,"electrical tape / insulating tape / 絕緣膠帶, 電工膠布"
เทียนไข,,candle / 蠟燭
เบตาดีน,,"Betadine / iodine solution / 碘伏, 碘酒"
เมล็ดพันธุ์พืช,,plant seeds / 植物種子
เสียม,,"small shovel / spade / 小鏟子, 鐵鍬"
เลื่อย,,saw / 鋸子
แชมพูสุนัข,,"dog shampoo / pet shampoo / 寵物沐浴露, 狗香波"
เหรียญ,,"coin / 硬幣, 硬幣仔"
แปรงทาสี,,"paintbrush / 油漆刷, 漆刷"
แผ่นแปะแก้ปวด,,"pain relief patch / 止痛貼, 鎮痛貼"
แปรงสีฟัน,,toothbrush / 牙刷
แสตมป์,,postage stamp / 郵票
แอลกอฮอล์ล้างแผล,,"rubbing alcohol / disinfectant alcohol / 消毒酒精, 消毒火酒"
โคมไฟตั้งพื้น,,floor lamp / 落地燈
โคมไฟตั้งโต๊ะ,,desk lamp / table lamp / 檯燈
ไขควง,,"screwdriver / 螺絲刀, 螺絲批"
ไฟฉาย,,"flashlight / torch / 電筒, 手電筒"
ไฟฉายฉุกเฉิน,,emergency flashlight / 應急手電筒
ไฟแช็ก,,lighter / 打火機
ไม้ขีดไฟ,,match / matchstick / 火柴
ไม้กวาด,,"broom / 掃帚, 掃把"
ไม้ถูพื้น,,"mop / 拖把, 地拖"
การบ้าน,,homework / 作業
กระเป๋านักเรียน,,school bag / 書包
ค่าเล่าเรียน,,tuition fee / 學費
ปริญญาบัตร,,"diploma / degree certificate / 學位證書, 畢業證書"
ทุนการศึกษา,,scholarship / 獎學金
ปริญญาเอก,,doctorate / PhD / 博士學位
ปริญญาโท,,"master's degree / 碩士學位, 研究所"
ภาคเรียน,,"semester / term / 學期, 學段"
ยางลบ,,eraser / rubber / 橡皮擦
วิชาคณิตศาสตร์,,mathematics subject / 數學科
วิชาชีววิทยา,,biology subject / 生物科
วิชาประวัติศาสตร์,,history subject / 歷史科
วิชาฟิสิกส์,,physics subject / 物理科
วิชาภาษาจีน,,Chinese subject / 中文科
วิชาภาษาอังกฤษ,,English subject / 英語科
วิชาภาษาไทย,,Thai subject / 泰語科
วิชาภูมิศาสตร์,,geography subject / 地理科
วิชาวิทยาศาสตร์,,science subject / 科學科
วิชาเคมี,,chemistry subject / 化學科
ห้องปฏิบัติการ,,laboratory / lab / 實驗室
ห้องเรียน,,"classroom / 教室, 課室"
ไม้บรรทัด,,ruler / 直尺
คนรู้จัก,,acquaintance / 熟人
คู่หมั้น,,"fiancé / fiancée / 未婚夫, 未婚妻"
น้องชาย,,younger brother / 弟弟
น้องสะใภ้,,"younger brother's wife / 弟妹, 弟媳"
น้องสาว,,younger sister / 妹妹
น้องเขย,,younger sister's husband / 妹夫
บรรพบุรุษ,,"ancestor / 祖先, 先輩"
ปู่,,"grandfather (paternal) / 祖父, 爺爺"
ฝาแฝด,,twins / 雙胞胎
พี่สาว,,older sister / 姐姐
พี่สะใภ้,,"older brother's wife / 嫂嫂, 大嫂"
พี่เขย,,"older sister's husband / 姐夫, 姐丈"
พ่อตา,,father-in-law (wife's father) / 岳父
พ่อ,,father / dad / 爸爸
พ่อสามี,,father-in-law (husband's father) / 公公
ย่า,,"grandmother (paternal) / 祖母, 奶奶"
ลูกสาว,,daughter / 女兒
ลูกน้อง,,"subordinate / underling / 下屬, 手下"
ศัตรู,,"enemy / 敵人, 仇人"
หัวหน้า,,"boss / superior / leader / 上司, 老闆, 首領"
หลานชาย,,"grandson / nephew / 孫子, 外甥, 姪子"
อา,,"uncle / aunt (paternal, younger) / 叔叔, 姑姑(父系晚輩)"
เพื่อนร่วมงาน,,colleague / coworker / 同事
เพื่อน,,friend / 朋友
เพื่อนสนิท,,"close friend / best friend / 摯友, 閨蜜, 死黨"
แฟน,,"boyfriend / girlfriend / partner / 男女朋友, 愛人"
แม่,,mother / mom / 媽媽
แม่ยาย,,mother-in-law (wife's mother) / 岳母
แม่สามี,,mother-in-law (husband's mother) / 婆婆
กังวลใจ,,"anxious / worried / 焦慮, 擔心"
ขลาดกลัว,,"cowardly / timid / 膽小, 懦弱"
ขี้อาย,,"shy / 害羞, 膽怯"
ขี้เหนียว,,"stingy / miserly / 吝嗇, 小氣"
คัน,,itchy / 癢
ขี้โมโห,,"irritable / short-tempered / 易怒, 脾氣壞"
ง่วง,,sleepy / 想睡
ง่วงเหงาหาวนอน,,"drowsy / nodding off / 昏昏欲睡, 打瞌睡"
ฉุนเฉียว,,"angry / irritable / 憤怒, 易怒"
ชื่นใจ,,"happy / content / relieved / 心曠神怡, 欣慰"
ซาบซึ้ง,,"grateful / moved / 感激, 感動"
ซาบซึ้งใจ,,"deeply moved / extremely grateful / 深受感動, 感激不盡"
ดีใจ,,"happy / glad / 高興, 開心"
ดื้อดึง,,"stubborn / obstinate / 固執, 頑固"
ตกใจ,,"startled / shocked / 受驚, 驚嚇"
ตื่นเต้น,,excited / 興奮
ตื้นตันใจ,,"overwhelmed with emotion / deeply moved / 百感交集, 感動不已"
ตื่นเต้นดีใจ,,excited and happy / thrilled / 興奮雀躍
ท้อแท้,,"discouraged / disheartened / 灰心, 氣餒"
ประณีต,,"exquisite / refined / delicate / 精緻, 細緻"
ประหลาดใจ,,"surprised / amazed / 驚奇, 驚訝"
ปลาบปลื้ม,,"delighted / overjoyed / 欣慰, 無比高興"
ปิติ,,"joyful / delighted / 歡欣, 欣喜"
ภาคภูมิใจ,,"proud / 感到自豪, 驕傲"
ระแวง,,"suspicious / paranoid / 疑神疑鬼, 多疑"
ระแวงสงสัย,,"suspicious / distrustful / 多疑猜忌, 起疑心"
ริษยา,,jealous / envious (hate) / 憎恨嫉妒
รัก,,love / 愛
ร่าเริง,,"cheerful / lively / 開朗, 活潑"
ละอายใจ,,"ashamed / guilty / 羞愧, 愧疚"
ว่านอนสอนง่าย,,"obedient / well-behaved / 聽話, 乖巧"
ว้าเหว่,,"lonely / desolate / 孤寂, 失落"
สดชื่น,,"refreshed / invigorated / 清爽, 精神煥發"
ว้าเหว่ใจ,,"lonely inside / 內心孤寂, 孤單"
สบายอกสบายใจ,,"carefree / at ease / 逍遙自在, 無憂無慮"
สะเทือนใจ,,"moved / touched / shocked (emotionally) / 心酸, 動容, 震撼"
สุขสำราญ,,"happy and content / 幸福安康, 快樂"
สุภาพ,,"polite / refined / 有禮貌, 文雅"
หยาบคาย,,"rude / impolite / 粗魯, 無禮"
หงุดหงิด,,"irritated / irritable / 煩悶, 暴躁"
หยิ่ง,,"arrogant / proud / 傲慢, 高傲"
หวาดกลัว,,"terrified / fearful / 驚恐, 恐懼"
หิว,,hungry / 餓
หิวข้าว,,hungry (for rice/food) / 肚餓 (想食飯)
หิวน้ำ,,thirsty / 口渴 (想飲水)
อดทน,,"patient / endure / 有耐心, 忍耐"
อับอายขายหน้า,,"embarrassed / humiliated / 丟臉, 羞愧難當"
อิ่มแล้ว,,full / satisfied (after eating) / 飽了
อิจฉาริษยา,,"jealous and envious / green with envy / 嫉妒恨, 眼紅"
อึดอัดใจ,,"uncomfortable / awkward / depressed / 憋屈, 鬱悶, 尷尬"
อ่อนโยน,,"gentle / mild / 溫柔, 溫和"
เกรงใจ,,"considerate / polite / reluctant to impose / 客氣, 不好意思, 顧慮"
เคร่งขรึม,,"serious / stern / 嚴肅, 不苟言笑"
เซ่อซ่า,,"clumsy / silly / 笨拙, 糊塗"
เบื่ออาหาร,,"loss of appetite / anorexic / 厭食, 沒胃口"
เป็นกันเอง,,"friendly / approachable / 隨和, 親切"
เสียสละ,,"selfless / sacrifice / 無私奉獻, 犧牲"
เศร้าโศก,,"sorrowful / mourning / 悲傷, 哀悼"
เหงา,,"lonely / 寂寞, 孤單"
เห็นแก่ตัว,,selfish / 自私
เหน็ดเหนื่อย,,"exhausted / worn out / 疲憊不堪, 精疲力竭"
แข็งกระด้าง,,"rough / rigid / harsh / 粗暴, 僵硬"
แปลกใจ,,"surprised / puzzled / 奇怪, 納悶"
แสบ,,"spicy / stinging / naughty / 辛辣, 刺痛, 頑皮"
ใจกว้าง,,"generous / magnanimous / 慷慨, 大方"
โกรธกริ้ว,,"furious / enraged / 憤怒, 勃然大怒"
ใจดี,,"kind / good-hearted / 善良, 心好"
ใจร้อน,,"impatient / hot-tempered / 性急, 脾氣急躁"
ใจร้าย,,mean / cruel-hearted / 心腸壞
ใจหาย,,"startled / heartbroken / 心驚膽戰, 失落"
กระเทียมเจียว,,fried garlic / 炸蒜酥
ใจเย็น,,"calm / cool-headed / patient / 沉著, 冷靜, 性子慢"
กระเพาะปลา,,"fish maw / fish maw soup / 魚肚, 魚肚羹"
กล้วยทอด,,fried banana / 炸香蕉
กล้วยบวชชี,,banana in coconut milk / 椰汁椰奶香蕉
กะทิ,,"coconut milk / coconut cream / 椰漿, 椰奶"
กะเพราไก่,,chicken basil stir-fry / 打拋雞肉飯
กะเพราหมูสับ,,minced pork basil stir-fry / 打拋碎豬肉飯
กาแฟ,,coffee / 咖啡
กาแฟร้อน,,hot coffee / 熱咖啡
กาแฟเย็น,,iced coffee / 冰咖啡
กุนเชียง,,Chinese sausage / 臘腸
ก๋วยเตี๋ยวต้มยำ,,tom yum noodles / 酸辣粿條
กุ้งอบวุ้นเส้น,,baked shrimp with glass noodles / 鮮蝦粉絲煲
ก๋วยเตี๋ยวเรือ,,"boat noodles / 船麵, 船粿條"
ขนมจีน,,khanom chin (Thai rice noodles) / 泰式米線
ขนมครก,,"khanom krok (coconut pancakes) / 椰香小煎餅, 椰子糕"
ขนมจีบ,,shumai / siu mai / 燒賣
ขนมหม้อแกง,,khanom maw gaeng (Thai custard) / 泰式綠豆烤羹
ขนมถ้วย,,khanom thuay (coconut milk pudding) / 泰式雙層椰汁小碗糕
ขนมเบื้อง,,khanom buang (crispy pancakes) / 泰式椰絲煎餅
ข้าว,,rice / 飯
ข้าวขาหมู,,pork knuckle rice / 豬腳飯
ข้าวซอย,,"khao soi (Northern curry noodles) / 泰北金麵, 咖哩麵"
ข้าวต้ม,,"rice porridge / congee / 粥, 稀飯"
ข้าวต้มมัด,,sticky rice banana leaf packet / 香蕉椰奶糯米粽
ข้าวผัด,,fried rice / 炒飯
ข้าวหมกไก่,,"chicken biryani / yellow turmeric rice / 黃薑雞飯, 泰式黃薑飯"
ข้าวหมูกรอบ,,"crispy pork rice / 燒肉飯, 脆皮豬肉飯"
ข้าวเหนียวดำ,,black sticky rice / 黑糯米飯
ข้าวหมูแดง,,red pork rice / char siu rice / 叉燒飯
ข้าวเหนียวปิ้ง,,grilled sticky rice / 烤糯米飯
ข้าวเหนียวมะม่วง,,mango sticky rice / 芒果糯米飯
ข้าวเหนียวสังขยา,,sticky rice with custard / 咖央糯米飯
คอหมูย่าง,,grilled pork neck / 烤豬頸肉
คุกกี้,,"cookie / biscuit / 曲奇, 餅乾"
คาปูชิโน,,cappuccino / 卡布奇諾
จับฉ่าย,,Chinese mixed vegetable stew / 中式什錦蔬菜煲
ชาดำเย็น,,Thai iced black tea / 泰式冰紅茶
ชาคาโมมายล์,,chamomile tea / 洋甘菊茶
ชาบู,,"shabu-shabu / Japanese hot pot / 日式火鍋, 涮涮鍋"
ชาสมุนไพร,,herbal tea / 草本茶
ชามะนาว,,lemon tea / 檸檬茶
ชาเขียว,,green tea / 綠茶
ชาเก๊กฮวย,,chrysanthemum tea / 菊花茶
ชาเขียวมัทฉะ,,matcha / 抹茶
ชาไทย,,Thai milk tea / 泰式奶茶
ชาไข่มุก,,bubble tea / pearl milk tea / 珍珠奶茶
ชีส,,"cheese / 芝士, 起司"
ซอสมะเขือเทศ,,ketchup / tomato sauce / 番茄醬
ซอสพริก,,chili sauce / 辣椒醬
ซอสหอยนางรม,,oyster sauce / 耗油
ซาลาเปา,,"steamed bun / baozi / 包子, 中式饅頭"
ซีอิ๊วขาว,,"light soy sauce / 生抽, 白醬油"
ซีอิ๊วดำ,,"dark soy sauce / 老抽, 黑醬油"
ซูชิ,,sushi / 壽司
ซุป,,"soup / Western-style soup / 湯, 西湯"
ตะโก้,,tako (coconut jelly dessert) / 西米椰汁糕
ติ่มซำ,,dim sum / 點心
ต้มข่าไก่,,"tom kha gai (coconut chicken soup) / 椰汁嫩雞湯, 椰奶雞湯"
ต้มยำกุ้ง,,"tom yum goong / 冬陰功, 酸辣蝦湯"
ถั่วลิสง,讀 tua li sung,peanut / 花生
ทองหยอด,,thong yod (golden egg yolk drops) / 金球蛋黃甜點
ทองหยิบ,,thong yip (golden flower dessert) / 金花蛋黃甜點
ทอดมันกุ้ง,,fried shrimp cake / 炸蝦餅
ทอดมันปลากราย,,fried fish cake / 炸魚餅
นม,,milk / 牛奶
ทับทิมกรอบ,,"tub tim krob (water chestnut in coconut milk) / 椰汁椰絲紅寶石, 椰汁馬蹄"
นมจืด,,"plain milk / fresh milk / 純牛奶, 鮮牛奶"
นมถั่วเหลือง,,"soy milk / 豆奶, 豆漿"
นมมะพร้าว,,"coconut milk drink / 椰汁奶, 椰子奶(飲料)"
นมเปรี้ยว,,"yogurt drink / Yakult-style / 乳酸菌飲料, 益力多"
นมเย็น,,"pink milk / iced pink milk / 冰粉紅奶, 粉紅奶茶"
นมแอลมอนด์,,almond milk / 杏仁奶
น้ำกระเจี๊ยบ,,"roselle juice / hibiscus tea / 洛神花茶, 洛神花水"
น้ำ,,water / 水
น้ำขิง,,"ginger tea / ginger juice / 薑茶, 薑汁"
น้ำจับเลี้ยง,,"herbal cooling tea / 五涼茶, 涼茶"
น้ำดื่ม,,drinking water / 飲用水
น้ำปลา,,fish sauce / 魚露
น้ำปั่น,,smoothie / blended ice drink / 冰沙
น้ำผลไม้,,fruit juice / 果汁
น้ำผึ้ง,,honey / 蜂蜜
น้ำพริกปลาทู,,chili paste with mackerel / 辣椒魚醬配鯖魚
น้ำพริกหนุ่ม,,Northern Thai green chili paste / 泰北青椒醬
น้ำพริกอ่อง,,Northern Thai tomato meat sauce / 泰北番茄肉醬
น้ำมะตูม,,"bael fruit juice / 木橘水, 木橘茶"
น้ำมะพร้าว,,coconut water / 椰子水
น้ำมะนาวปั่น,,"lime smoothie / lime juice smoothie / 冰沙青檸, 青檸汁冰沙"
น้ำมะม่วงปั่น,,mango smoothie / 芒果冰沙
น้ำส้มสายชู,,vinegar / 醋
น้ำอัญชัน,,butterfly pea flower water / 蝶豆花水
น้ำอ้อย,,sugarcane juice / 甘蔗汁
น้ำอัดลม,,"soft drink / soda / 汽水, 碳酸飲料"
น้ำเก๊กฮวย,,chrysanthemum water / 菊花水
น้ำเต้าหู้,,soy milk / 豆漿
น้ำแข็งใส,,shaved ice / 刨冰
น้ำแตงโมปั่น,,watermelon smoothie / 西瓜冰沙
น้ำแร่,,mineral water / 礦泉水
น้ำใบบัวบก,,gotu kola juice / 雷公根汁
น้ำใบเตย,,pandan leaf juice / 香蘭葉汁
บะหมี่,,"egg noodles / yellow noodles / 雞蛋麵, 黃麵"
บรั่นดี,,brandy / 白蘭地
บะหมี่กึ่งสำเร็จรูป,,"instant noodles / 即食麵, 泡麵"
บัวลอยน้ำขิง,,ginger bua loi / 薑汁湯圓
บัวลอย,,bua loi (coconut milk glutinous balls) / 椰漿湯圓
ปลาทอดขมิ้น,,turmeric fried fish / 黃薑炸魚
ปลานึ่งมะนาว,,"steamed fish with lime / 檸檬蒸魚, 酸辣蒸魚"
ปังเย็น,,bread with shaved ice / 麵包刨冰
ปาท่องโก๋,,"youtiao / Chinese fried dough / 油炸鬼, 油條"
ปูผัดผงกะหรี่,,crab stir-fried with curry powder / 咖哩炒蟹
ปูอัด,,"imitation crab stick / 蟹柳, 蟹肉棒"
ป๊อปคอร์น,,"popcorn / 爆谷, 爆米花"
ผงชูรส,,MSG / monosodium glutamate / 味精
ผัดกะเพราเนื้อ,,beef basil stir-fry / 打拋牛肉飯
ผลไม้,,fruit / 水果
ผัดซีอิ๊ว,,pad see ew (soy sauce noodles) / 醬油炒粿條
ผัดผักรวมมิตร,,"stir-fried mixed vegetables / 炒雜菜, 清炒時蔬"
ผัดผักบุ้งไฟแดง,,"stir-fried morning glory / 飛天通菜, 啫啫空心菜"
ผัดไทย,,"pad Thai / 泰式炒金邊粉, 炒河粉"
พริกป่น,,chili powder / 辣椒粉
ฝอยทอง,,foi thong (golden egg threads) / 金絲蛋黃甜點
พริกไทย,,black pepper / 胡椒
มันทอด,,"fried sweet potato / french fries / 炸番薯, 炸薯條"
พิซซ่า,,pizza / 披薩
มันฝรั่งทอด,,"potato chips / french fries / 薯片, 薯條"
ราดหน้า,,"rad na (gravy noodles) / 濕炒河粉, 廣府炒鴛鴦"
รวมมิตร,,"mixed dessert in coconut milk / 椰奶什錦冰, 亞答子椰汁"
ลาเต้,,latte / 拿鐵咖啡
ลูกชิ้นปลา,,"fish ball / 魚丸, 魚蛋"
ลูกชิ้นปิ้ง,,grilled meatballs / 烤肉丸
ลูกชิ้นหมู,,pork ball / 豬肉丸
ลูกชิ้นเนื้อ,,beef ball / 牛肉丸
ลูกชุบ,,look chup (mung bean paste sweets) / 泰式綠豆沙蔬果點心
วุ้น,,"jelly / agar jelly / 果凍, 啫喱"
วิสกี้,,whisky / 威士忌
สปาเก็ตตี้,,"spaghetti / 意粉, 意大利麵"
วุ้นกะทิ,,coconut milk jelly / 椰汁椰奶果凍
สลัด,,"salad / 沙律, 沙拉"
สังขยาใบเตย,,pandan kaya / 斑蘭咖央醬
สังขยา,,"custard / kaya / 椰子果醬, 咖央"
สาคูเปียก,,"sago in coconut milk / 西米露, 椰汁西米"
สุกี้,,"Thai hot pot / sukiyaki / 泰式火鍋, 壽喜燒"
สาเก,,"sake / Japanese rice wine / 清酒, 清酒日本"
สเต็ก,,"steak / 牛扒, 肉扒"
สไปรท์,,Sprite / 雪碧
ส้มตำ,,som tum / green papaya salad / 青木瓜沙律
หมูกะทะ,,"Thai BBQ / moo krata / 泰式火烤兩吃, 泰式燒烤"
หมูยอ,,"Vietnamese pork roll / 泰式扎肉, 越南扎肉"
หมูปิ้ง,,Thai grilled pork skewers / 泰式烤豬肉串
หมูสะเต๊ะ,,pork satay / 沙爹豬肉串
หอมเจียว,,fried shallots / 炸紅蔥酥
หอยนางรมกระทะร้อน,,"oyster omelette / hot plate oysters / 鐵板蠔仔煎, 蠔烙"
หอยลายผัดน้ำพริกเผา,,"stir-fried clams with chili paste / 泰式辣椒膏炒蜆, 炒花甲"
อร่อย,,delicious / tasty / 好吃
อาหารเช้า,,breakfast / 早餐
อาหารกลางวัน,,lunch / 午餐
อาหารเย็น,,dinner / 晚餐
เกลือ,,salt / 鹽
อเมริกาโน,,americano / 美式咖啡
เค็ม,,salty / 鹹
เฉาก๊วย,,"grass jelly / 涼粉, 仙草"
เค้ก,,cake / 蛋糕
เฉาก๊วยนมสด,,"grass jelly with fresh milk / 鮮奶仙草, 涼粉鮮奶"
เต้าฮวย,,tofu pudding / 豆腐花
เต้าทึง,,Thai dessert soup (tao huay style) / 泰式清補涼
เนย,,"butter / 牛油, 黃油"
เบียร์,,beer / 啤酒
เปรี้ยว,,sour / 酸
เป๊ปซี่,,Pepsi / 百事可樂
เหล้าปั่น,,"blended cocktail / frozen cocktail / 雞尾酒冰沙, 調酒冰沙"
เผือกทอด,,fried taro / 炸芋頭
แกงกะหรี่,,yellow curry / 黃咖哩
เอสเปรสโซ,,"espresso / 特濃咖啡, 意式濃縮"
แกงจืด,,"clear soup / mixed vegetable soup / 清湯, 雜菜清湯"
แกงพะแนง,,"panang curry / 帕能咖哩, 乾咖哩"
แกงส้ม,,sour curry soup / 酸辣湯(黃咖哩湯)
แกงมัสมั่น,,massaman curry / 馬沙曼咖哩
แกงเขียวหวาน,,"green curry / 青咖哩, 綠咖哩"
แกงเลียง,,Thai vegetable soup / 泰式蔬菜湯
แกงเผ็ด,,red curry / 紅咖哩
แกงเลียงกุ้งสด,,shrimp vegetable soup / 鮮蝦蔬菜湯
แกงเหลือง,,"yellow sour curry / 黃咖哩湯, 酸辣黃咖哩"
แกงไตปลา,,"fish entrails curry / 魚內臟咖哩, 魚雜咖哩"
แคบหมู,,"pork crackling / crispy pork skin / 炸豬皮, 脆豬皮"
แซนวิช,,"sandwich / 三文治, 三明治"
แฟนต้า,,Fanta / 芬達
แปะก๊วยน้ำขิง,,"gingko with ginger / 薑汁白果, 銀杏"
แยม,,jam / 果醬
แหนม,,"Thai fermented pork / 泰式酸肉, 酸豬肉"
แฮมเบอร์เกอร์,,hamburger / 漢堡包
โค้ก,,Coke / Coca-Cola / 可口可樂
โทนิค,,tonic water / 湯力水
โซดา,,soda water / 蘇打水
โยเกิร์ต,,"yogurt / 乳酪, 優格"
โรตี,,"roti / Indian flatbread / 煎餅, 印度煎餅"
โรตีกล้วย,,banana roti / 香蕉煎餅
ไก่ย่าง,,grilled chicken / 烤雞
ไข่ตุ๋น,,"steamed egg / 蒸水蛋, 蒸蛋"
ไข่ต้ม,,boiled egg / 水煮蛋
ไข่ลูกเขย,,son-in-law eggs (sweet-sour fried eggs) / 女婿蛋(酸甜炸蛋)
ไข่ลูกเขยทรงเครื่อง,,"Thai sweet-sour fried eggs / 泰式酸甜炸蛋, 女婿蛋"
ไข่เค็ม,,salted egg / 鹹蛋
ไข่เจียว,,Thai omelette / 泰式煎蛋
ไข่เยี่ยวม้า,,century egg / preserved egg / 皮蛋
ไวน์,,"wine / 葡萄酒, 紅酒"
ไอศกรีมกะทิ,,coconut ice cream / 椰子雪糕
ไอศกรีม,,"ice cream / 雪糕, 冰淇淋"
กระท้อน,,santol / 仙都果
กล้วยน้ำว้า,,cultivated banana / 芭蕉
กล้วย,,banana / 香蕉
กล้วยหอม,,"Cavendish banana / 大香蕉, 香蕉"
ขนุน,,jackfruit / 菠蘿蜜
กีวี่,,kiwi / 奇異果
ชมพู่,,rose apple / 蓮霧
ทุเรียน,,durian / 榴槤
บลูเบอร์รี่,,blueberry / 藍莓
ฝรั่งแช่บ๊วย,,guava pickled with plum / 梅子醃番石榴
พุทราจีน,,Chinese jujube / 棗子
พุทรา,,jujube / Chinese date / 紅棗
มะกรูด,,"kaffir lime / 青檸, 卡菲爾萊姆"
มะขาม,,"tamarind / 羅望子, 酸子"
มะดัน,,"garcinia / 藤黃果, 毛葉藤黃"
มะนาว,,lime / lemon / 檸檬
มะนาวแป้น,,green lime / 綠皮青檸
มะพร้าว,,coconut / 椰子
มะปราง,,"maprang / 庚子, 芒果李"
มะม่วง,,mango / 芒果
มะม่วงน้ำปลาหวาน,,green mango with sweet fish sauce / 青芒果配甜魚露醬
มะยงชิด,,marian plum / 枇杷芒
มะละกอ,,papaya / 木瓜
มะเฟือง,,starfruit / 楊桃
มะเดื่อ,,fig / 無花果
มะไฟ,,rambeh / 木奶果
ระกำ,,salak / snake fruit / 蛇皮果
มังคุด,,mangosteen / 山竹
ลองกอง,,longkong / 龍宮果
ราสเบอร์รี่,,raspberry / 覆盆子
ละมุด,,sapodilla / 人心果
ลำไย,,longan / 龍眼
ลางสาด,,langsat / 榔色果
ลิ้นจี่,,lychee / 荔枝
ลูกพรุน,,prune / dried plum / 西梅
ลูกพลับ,,persimmon / 柿子
ลูกพีช,,peach / 桃子
ลูกเกด,,raisin / 葡萄乾
สตอเบอร์รี่,,strawberry / 草莓
สมอ,,olive / 橄欖
สละ,,salak / 沙拉克
สับปะรด,,pineapple / 鳳梨
สาลี่,,pear / 梨子
สาลี่หอม,,fragrant pear / 香梨
ส้มโอ,,pomelo / 柚子
ส้มสายน้ำผึ้ง,,honey tangerine / 蜂蜜橘
องุ่น,,grape / 葡萄
อินทผลัม,,date / date palm / 椰棗
อะโวคาโด,,avocado / 牛油果
เงาะ,,rambutan / 紅毛丹
เชอร์รี่,,cherry / 櫻桃
เมลอน,,melon / cantaloupe / 哈密瓜
แก้วมังกร,,dragon fruit / 火龍果
เสาวรส,,passion fruit / 百香果
แตงโม,,watermelon / 西瓜
แตงแคนตาลูป,,"cantaloupe / 哈密瓜, 甜瓜"
แตงไทย,,Thai melon / 泰國甜瓜
แบล็คเบอร์รี่,,blackberry / 黑莓
แอปเปิ้ล,,apple / 蘋果
กระจกเงา,,mirror / 鏡子
ชั้นวางของ,,"shelf / rack / 置物架, 貨架"
กาต้มน้ำไฟฟ้า,,electric kettle / 電熱水壺
ตู้แช่แข็ง,,"freezer / 冷凍櫃, 冰櫃"
ตู้หนังสือ,,"bookshelf / 書櫃, 書架"
ผ้าม่าน,,curtain / 窗簾
พรม,,carpet / rug / 地毯
พัดลม,,electric fan / 電風扇
ฟูกที่นอน,,mattress / 床墊
ลำโพง,,"speaker / 揚聲器, 喇叭"
วิทยุรับฟัง,,"radio / 收音機, 廣播"
หม้อหุงข้าว,,"rice cooker / 電飯煲, 電飯煲"
หน้าต่าง,,window / 窗戶
หลอดไฟ,,light bulb / 燈泡
เก้าอี้,,chair / 椅子
เก้าอี้เท้าแขน,,armchair / 扶手椅
เครื่องดูดฝุ่น,,"vacuum cleaner / 吸塵機, 吸塵器"
เครื่องปั่น,,"blender / juicer / 攪拌機, 榨汁機"
เครื่องทำความร้อน,,heater / 暖氣機
เครื่องปิ้งขนมปัง,,"toaster / 多士爐, 烤麵包機"
เครื่องล้างจาน,,dishwasher / 洗碗機
เครื่องอบผ้า,,"clothes dryer / 乾衣機, 烘乾機"
เตารีด,,iron / 熨斗
เตาอบ,,"oven / 焗爐, 烤箱"
เตาอบไมโครเวฟ,,microwave oven / 微波爐
เตาแก๊ส,,"gas stove / 煤氣爐, 瓦斯爐"
โคมไฟ,,"lamp / light fixture / 檯燈, 燈具"
โซฟา,,sofa / 沙發
โต๊ะรีดผ้า,,"ironing board / 燙衣板, 熨衣架"
โต๊ะอาหาร,,dining table / 餐桌
โทรศัพท์บ้าน,,"landline phone / home phone / 固網電話, 座地電話"
โน้ตบุ๊ก,,"notebook computer / laptop / 手提電腦, 筆記本電腦"
ขอแสดงความยินดี,,"congratulations / 恭喜, 祝賀"
ขอบคุณ,,thank you / 謝謝
ดูแลตัวเองด้วย,,"take care of yourself / 保重, 照顧好自己"
ฝันดี,,"sweet dreams / good night / 好夢, 做個好夢"
ด้วยความยินดี,,"you're welcome / with pleasure / 不用客氣, 很樂意"
ยินดีด้วย,,"congratulations / great / 恭喜, 太好了"
ยินดีที่ได้รู้จัก,,nice to meet you / 很高興認識你
ยินดีรับใช้,,"at your service / my pleasure / 樂意效勞, 我的榮幸"
ลาก่อน,,goodbye / 再見
ราตรีสวัสดิ์,讀 ra dri sawat,good night / 晚安
สบายดีไหม,,how are you / 你好嗎
สุขสันต์วันปีใหม่,,happy new year / 新年快樂
สวัสดี,,hello / hi / 你好
สุขสันต์วันเกิด,,happy birthday / 生日快樂
แล้วเจอกัน,,"see you later / otesi, 再見"
โชคดี,,"good luck / 好運, 祝你好運"
ไม่เป็นไรเลย,,"it's nothing / you're welcome / 沒關係,  НА謝謝"
ไม่เป็นไร,,it's okay / no problem / 沒關係
ความดันโลหิต,,blood pressure / 血壓
ฉุกเฉิน,,emergency / 緊急
ประกันภัย,,insurance / 保險
ปวดท้อง,,stomachache / 肚子痛
ยา,,medicine / drug / 藥
ยาทา,,"ointment / topical medicine / 藥膏, 外用藥"
ยาปฏิชีวนะ,,antibiotic / 抗生素
ยานอนหลับ,,sleeping pill / 安眠藥
ยาพาราเซตามอล,,"paracetamol / Panadol / 撲熱息痛, 必理痛"
ยาลดกรด,,"antacid / stomach medicine / 胃藥, 抗酸藥"
ยาวิตามิน,,vitamin pills / 維他命丸
ยาแก้อักเสบ,,anti-inflammatory / 消炎藥
ยาหยอดตา,,eye drops / 眼藥水
ยาแก้แพ้,,"antihistamine / allergy medicine / 抗敏藥, 過敏藥"
ยาแก้ไอ,,cough medicine / 止咳藥
รถพยาบาล,,ambulance / 救護車
สุขภาพ,,health / 健康
วิตามิน,,vitamin / 維他命
ออกกำลังกาย,,"exercise / work out / 運動, 鍛鍊"
เบาหวาน,,diabetes / 糖尿病
เจ็บคอ,,sore throat / 喉嚨痛
เป็นไข้,,have a fever / 發燒
ใบสั่งยา,,prescription / 處方箋
แพ้ยา,,allergic to medicine / 藥物過敏
ไอ,,cough / 咳嗽
การถ่ายภาพ,,"photography / taking photos / 攝影, 拍照(名詞)"
กลอง,,"drum / 鼓, 爵士鼓"
การทำสวน,,"gardening / 園藝, 園林工作"
การร้องเพลง,,singing (noun) / 唱歌(名詞)
การระบายสี,,"coloring / painting / 著色, 上色, 繪畫"
การวาดเขียน,,"drawing / sketching (noun) / 繪畫, 素描(名詞)"
การแสดงละคร,,"acting / drama performance / 戲劇表演, 演戲"
การสะสมแสตมป์,,stamp collecting / 集郵
กีตาร์,,guitar / 吉他
งานไม้,,"woodworking / 木工, 木手工藝"
ดูหนัง,,watch movies / 看電影
ถ่ายรูป,,take photos / 拍照
บอร์ดเกม,,"board game / 桌上遊戲, 棋盤遊戲"
ปริศนาอักษรไขว้,,crossword puzzle / 填字遊戲
ฟังเพลง,,listen to music / 聽音樂
มายากล,,magic / 魔術
วาดรูป,,draw / 畫畫
วิดีโอเกม,,"video game / 電子遊戲, 打機"
ว่ายน้ำ,,swim / 游泳
หมากรุก,,"chess / 國際象棋, 象棋"
อ่านหนังสือ,,read books / 看書
เปียโน,,piano / 鋼琴
ไพ่,,"playing cards / 撲克牌, 紙牌"
ไวโอลิน,,violin / 小提琴
กำแพง,,wall / 牆壁
กริ่งประตู,,doorbell / 門鈴
ค่าเช่า,,rent / 房租
ช้อน,,spoon / 湯匙
ทางเดิน,,"corridor / hallway / 走廊, 通道"
ประตูรั้ว,,"gate / front gate / 大門, 院子門"
ประปา,,water supply / plumbing / 自來水
ปล่องไฟ,,chimney / 煙囪
รั้ว,,"fence / 圍欄, 柵欄"
ระเบียง,,balcony / 陽台
ลูกกุญแจ,,key / 鑰匙
ส้อม,,fork / 叉子
สวน,,"garden / yard / 花園, 院子"
หลังคา,,roof / 屋頂
หลังคาบ้าน,,house roof / 屋頂
ห้องครัว,,kitchen / 廚房
ห้องนอน,,bedroom / 臥室
ห้องทำงาน,,"study / office / 書房, 辦公室"
ห้องนั่งเล่น,,living room / 客廳
ห้องอาหาร,,"dining room / 飯廳, 餐廳"
ห้องน้ำ,,bathroom / restroom / 洗手間
ห้องใต้หลังคา,,attic / 閣樓
ห้องใต้ดิน,,basement / 地下室
เพดาน,,ceiling / 天花板
เพื่อนบ้าน,,neighbor / 鄰居
แม่กุญแจ,,lock / 鎖頭
โรงรถ,,garage / 車庫
กัปตัน,,"captain / pilot / 機長, 船長"
ชาวประมง,,"fisherman / 漁民, 漁夫"
ช่างก่อสร้าง,,"construction worker / bricklayer / 建築工人, 泥水匠"
ช่างตัดเสื้อ,,tailor / 裁縫師
ช่างทำผม,,"hairdresser / barber / 理髮師, 髮型師"
ช่างประปา,,"plumber / 水喉匠, 管道工"
ช่างยนต์,,"mechanic / auto mechanic / 機械工, 修車技工"
ช่างไฟฟ้า,,"electrician / 電工, 電力技術員"
ช่างไม้,,carpenter / 木匠
ตำรวจ,,police officer / 警察
นักดับเพลิง,,firefighter / 消防員
ทนายความ,,lawyer / 律師
นักธุรกิจ,,businessman / 商人
นักบัญชี,,accountant / 會計師
นักออกแบบ,,designer / 設計師
นักเขียน,,"writer / author / 作家, 作者"
นักเขียนโปรแกรม,,"programmer / software developer / 程式設計師, 程序員"
นักเรียน,,student / 學生
ผู้ประกอบการ,,"entrepreneur / 企業家, 創業家"
บริกร,,"waiter / 男侍應, 男服務生"
ผู้สื่อข่าว,,"reporter / journalist / 記者, 新聞記者"
พนักงานขาย,,"salesperson / shop assistant / 售貨員, 店員, 銷售員"
ผู้อำนวยการ,,"director / principal / 總監, 董事, 校長"
พนักงานต้อนรับ,,"receptionist / flight attendant / 接待員, 空姐"
พ่อครัว,,chef / cook / 廚師
พยาบาล,,nurse / 護士
วิศวกร,讀 wit sa wa gone,engineer / 工程師
ศิลปิน,,"artist / painter / 藝術家, 畫家"
ศาสตราจารย์,,professor / 教授
เกษตรกร,"大分類, 所有搞農業既統稱","farmer / 農民, 農夫"
เลขานุการ,,secretary / 秘書
คลื่นไส้,,"nauseous / feel like vomiting / 噁心, 想吐"
กระดูกหัก,,broken bone / fracture / 骨折
ความดันต่ำ,,low blood pressure / 低血壓
คัดจมูก,,stuffy nose / 鼻塞
ความดันสูง,,high blood pressure / 高血壓
จาม,,sneeze / 打噴嚏
จิตแพทย์,,psychiatrist / 精神科醫生
ฉีดวัคซีน,,get vaccinated / 接種疫苗
ตรวจเลือด,,blood test / 驗血
ตึกผู้ป่วย,,"patient building / ward building / 住院部, 病房大樓"
ทันตแพทย์,,dentist / 牙醫(正式)
ท้องผูก,,constipation / 便秘
นางพยาบาล,,female nurse / 女護士
ท้องเสีย,,"diarrhea / 拉肚子, 腹瀉"
ผื่นคัน,,"rash / itchy eczema / 濕疹, 皮疹, 發癢"
น้ำมูกไหล,,runny nose / 流鼻涕
ผู้ป่วยนอก,,"outpatient / OPD / 門診病人, OPD"
ผู้ป่วยใน,,"inpatient / IPD / 住院病人, IPD"
ผ้าพันแผล,,"bandage / gauze / 繃帶, 紗布"
ฟกช้ำ,,"bruise / 瘀青, 青腫"
พลาสเตอร์ยา,,"adhesive bandage / Band-Aid / 繃帶, OK繃, 創口貼"
รถเข็นผู้ป่วย,,wheelchair / 輪椅
ศัลยแพทย์,,surgeon / 外科醫生
หอบหืด,,"asthma / 哮喘, 氣喘"
หูฟังแพทย์,,stethoscope / 聽診器
ห้องไอซียู,,"ICU / intensive care unit / 深切治療部, ICU"
อักเสบ,,inflammation / 發炎
อาการไข้,,fever symptom / 發燒症狀
อาหารเป็นพิษ,,food poisoning / 食物中毒
เข็มฉีดยา,,"syringe / needle / 針頭, 注射器"
เครื่องวัดอุณหภูมิ,,"thermometer / 體溫計, 溫度計"
เตียงคนไข้,,hospital bed / 病床
เคล็ดขัดยอก,,"sprain / strain / 扭傷, 拉傷"
เลือดออก,,"bleeding / 出血, 流血"
เภสัชกร,,pharmacist / 藥劑師
เวียนหัว,,"dizzy / vertigo / 頭暈, 暈眩"
แบคทีเรีย,,bacteria / 細菌
เอ็กซเรย์,,"X-ray /  X光, 照X射線"
โรคกระเพาะอาหารอักเสบ,,"gastritis / gastric ulcer / 胃炎, 胃潰瘍"
แผลถลอก,,"abrasion / scrape / 擦傷, 刮傷"
โรคความดันโลหิตต่ำ,,hypotension / low blood pressure disease / 低血壓病
โรคความดันโลหิตสูง,,hypertension / high blood pressure disease / 高血壓病
โรคจิตเภท,,schizophrenia / 精神分裂症
โรคซึมเศร้า,,"depression / 抑鬱症, 憂鬱症"
โรคปอดบวม,,pneumonia / 肺炎
โรคตับอักเสบ,,hepatitis / 肝炎
โรคภูมิแพ้ตัวเอง,,"autoimmune disease / lupus / 自身免疫性疾病, 紅斑狼瘡"
โรคภูมิแพ้,,"allergy / 過敏症, 敏感症"
โรคมะเร็ง,,cancer / 癌症
โรคมะเร็งปอด,,lung cancer / 肺癌
โรคมะเร็งตับ,,liver cancer / 肝癌
โรคมาลาเรีย,,"malaria / 瘧疾, 打擺子"
โรคระบาด,讀 raw gra but,"epidemic / infectious disease / 傳染病, 疫病"
โรคหลอดเลือดสมอง,,"stroke / cerebrovascular disease / 中風, 腦血管疾病"
โรคหัวใจ,,heart disease / 心臟病
โรคหอบหืด,,"asthma (disease) / 哮喘病, 氣喘病"
โรคหัวใจล้มเหลว,,"heart failure / 心力衰竭, 心臟衰竭"
โรคอหิวาตกโรค,,cholera / 霍亂
โรคเบาหวาน,,diabetes / 糖尿病
โรคเอดส์,,"AIDS / HIV / 愛滋病, AIDS"
โรคไข้เลือดออก,,"dengue fever / 登革熱, 骨痛熱症"
โรคไข้หวัดใหญ่,,"influenza / flu / 流行性感冒, 流感"
โรคไตวาย,,"kidney failure / uremia / 腎衰竭, 尿毒症"
ใบรับรองแพทย์,,"medical certificate / doctor's note / 醫生紙, 病假單, 醫療證明"
ไวรัส,,virus / 病毒
ชาร์ลอตต์,,Charlotte (name) / 夏洛特
พลอย,,"Ploy (name, gem) / Ploy (寶石)"
ฟ้า,,sky / 天空
ส้ม,,"Som (name, orange) / Som (橘子)"
วิน,,Win (name) / Win
เมย์,,May (name) / May
แนน,,Nan (name) / Nan
เอมิลี,,Emily (name) / 艾米莉
แบงค์,,Bank (name) / Bank
กระแสน้ำ,,"current / ocean current / 水流, 洋流"
การรีไซเคิล,,"recycling / 回收, 循環再造"
การอนุรักษ์,,"conservation / protection / 保護, 保育"
ขยะมูลฝอย,,"garbage / solid waste / 垃圾, 廢棄物"
คลองส่งน้ำ,,"canal / irrigation canal / 運河, 灌溉渠"
คาบสมุทร,,peninsula / 半島
คลื่นยักษ์สึนามิ,,"tsunami / 海嘯, 海嘯巨浪"
ดวงจันทร์,,moon / 月亮
ดิน,,soil / land / 土地
ดาว,,star / 星星
ดินถล่ม,,"landslide / mudslide / 山體滑坡, 泥石流"
ดินเหนียว,,clay / 黏土
ต้นไม้,,tree / 樹
ถ้ำหินปูน,,"limestone cave / 石灰岩洞, 溶洞"
ทราย,,sand / 沙子
ที่ราบลุ่ม,,"plain / lowland / 平原, 窪地"
ทะเลทราย,,desert / 沙漠
ที่ราบสูง,,plateau / highland / 高原
ทุ่งหญ้า,,"grassland / meadow / 草原, 牧場"
ทุ่งหญ้าสะวันนา,,"savanna / 熱帶稀樹草原, 薩瓦納草原"
ท้องฟ้า,,sky / 天空
ธารน้ำแข็ง,,glacier / 冰川
น้ำค้างแข็ง,,"frost / 霜, 白霜"
น้ำค้าง,,"dew / 露水, 露珠"
น้ำตก,,waterfall / 瀑布
น้ำตกขนาดใหญ่,,large waterfall / 大瀑布
น้ำพุร้อน,,"hot spring / 溫泉, 熱泉"
บ่อน้ำบาดาล,,"artesian well / groundwater well / 深井, 地下水井"
ป่า,,forest / 森林
ป่าชายเลน,,mangrove forest / 紅樹林
ป่าดิบชื้น,,tropical rainforest / 熱帶雨林
ป่าดิบแล้ง,,tropical dry forest / 熱帶季節性乾旱林
ป่าดิบเขา,,"montane rainforest / cloud forest / 山地雨林, 雲霧林"
ป่าทึบ,,"jungle / dense forest / 叢林, 密林"
ป่าผลัดใบ,,deciduous forest / 落葉林
ป่าสงวนแห่งชาติ,,"national forest reserve / 國家保護林, 國有林區"
ป่าสน,,"coniferous forest / pine forest / 針葉林, 松林"
ป่าเต็งรัง,,deciduous dipterocarp forest / 落葉龍腦香林
ป่าเบญจพรรณ,,mixed deciduous forest / 混合落葉林
ป่าไม่ผลัดใบ,,evergreen forest / 常綠林
ฝน,,rain / 雨
ฝายกั้นน้ำ,,"weir / check dam / 堰, 攔水壩"
ฝุ่นละออง,,"dust / particulate matter / 灰塵, 塵埃"
พรรณไม้,,"flora / plant species / 植物群, 植物種類"
พันธุ์สัตว์,,"animal species / 動物品種, 物種"
พายุหมุน,,"cyclone / whirlwind / 旋風, 龍捲風"
พายุเฮอริเคน,,hurricane / 颶風
พายุหิมะ,,blizzard / snowstorm / 暴風雪
พายุไต้ฝุ่น,,typhoon / 颱風
พืชสมุนไพร,,"medicinal plant / herb / 藥用植物, 草藥"
พืชล้มลุก,,herbaceous plant / annual plant / 草本植物
ภูเขา,,mountain / 山
ภูเขาไฟ,,volcano / 火山
ภูเขาหิมะ,,snowy mountain / 雪山
มลพิษทางอากาศ,,air pollution / 空氣污染
ระบบนิเวศ,,ecosystem / 生態系統
มหาสมุทร,讀 maha sum mood,"ocean / 海洋, 大洋"
รุ้ง,,rainbow / 彩虹
รุ้งกินน้ำ,,rainbow / 彩虹
ลำธาร,,"stream / creek / 小溪, 溪流"
ลูกเห็บ,,hail / 冰雹
วนอุทยาน,,forest park / 森林公園
สวนพฤกษศาสตร์วรรณคดี,,literary botanical garden / 文學植物園
สัตว์ครึ่งบกครึ่งน้ำ,,amphibian / 兩棲動物
สัตว์น้ำ,,aquatic animal / 水生動物
สัตว์ปีก,,"poultry / birds / 禽類, 鳥類"
สัตว์ป่า,,wild animal / 野生動物
สัตว์มีกระดูกสันหลัง,,vertebrate / 脊椎動物
สัตว์เลี้ยง,,"livestock / pet / 家畜, 寵物"
สัตว์เลี้ยงลูกด้วยนม,,mammal / 哺乳動物
สัตว์ไม่มีกระดูกสันหลัง,,invertebrate / 無脊椎動物
สัตว์เลื้อยคลาน,,reptile / 爬行動物
สายลม,,"breeze / gentle wind / 微風, 清風"
หนองบึง,,"swamp / wetland / 沼澤, 濕地"
หญ้า,,"grass / grassland / 草, 草地"
หมอกควัน,,"smog / haze / 煙霧, 霾"
หิน,,stone / rock / 石頭
หิมะ,,snow / 雪
หุบเขา,,"valley / canyon / 山谷, 峽谷"
อ่างเก็บน้ำ,,"reservoir / 水庫, 蓄水池"
อุทยานแห่งชาติ,,national park / 國家公園
อ่าว,,"bay / gulf / 海灣, 海港"
เกาะปะการัง,,"coral island / atoll / 環礁, 珊瑚島"
เขตรักษาพันธุ์สัตว์ป่า,,wildlife sanctuary / 野生動物保護區
เขื่อน,,"dam / 水壩, 大壩"
เทือกเขา,,"mountain range / 山脈, 群山"
เมล็ดพันธุ์,,seed / 種子
แนวปะการัง,,coral reef / 珊瑚礁
แม่น้ำ,,river / 河
โป่งร้อน,,"mud volcano / hot mud spring / 泥火山, 熱泥泉"
แหล่งน้ำธรรมชาติ,,natural water source / 天然水源
โอเอซิส,,oasis / 綠洲
ไม้ประดับ,,"ornamental plant / foliage plant / 觀葉植物, 裝飾植物"
ไฟป่า,,"forest fire / wildfire / 山火, 森林大火"
ไม้พุ่ม,,shrub / bush / 灌木
ไม้ยืนต้น,,"tree / woody plant / 喬木, 木本植物"
คน,,"person / classifier for people / 人, 位(量詞)"
คู่,,"pair / couple / set (classifier) / 雙, 對, 副(量詞)"
ยี่สิบ,,twenty / 二十
ชิ้น,,"piece / slice / item (classifier) / 件, 塊, 片(量詞)"
ยี่สิบเอ็ด,,twenty-one / 二十一
ร้อย,,hundred / 百
สามสิบ,,thirty / 三十
สิบเอ็ด,,eleven / 十一
หกสิบ,,sixty / 六十
สี่สิบ,,forty / 四十
หนึ่ง,,one / 一
เก้าสิบ,,ninety / 九十
ห้าสิบ,,fifty / 五十
เครื่อง,,"classifier for machines/appliances / 台, 部(電器/機器量詞)"
เจ็ดสิบ,,seventy / 七十
แปดสิบ,,eighty / 八十
เล่ม,,"classifier for books/knives / 本, 冊, 把(書本/刀劍量詞)"
กรมการขนส่งทางบก,,"Department of Land Transport / vehicle registration office / 陸路交通廳, 車輛登記處"
กวดวิชา,,"tutoring school / cram school / 補習社, 補習班"
กองบังคับการตำรวจจราจร,,Traffic Police Headquarters / 交通警察總部
คลินิกทันตกรรม,,dental clinic / 牙科診所
คาเฟ่,,"cafe / 咖啡館, 輕食店"
คลินิกเวชกรรม,,"medical clinic / general clinic / 綜合診所, 西醫診所"
จุดกลับรถ,,"U-turn point / 掉頭處, U轉處"
ด่านตรวจคนเข้าเมือง,,"immigration checkpoint / 出入境檢查站, 入境處"
จุดบริการทางหลวง,,"highway service area / rest area / 公路服務區, 服務站"
ด่านเก็บค่าผ่านทาง,,toll booth / 收費站
ตรอกซอย,,"alley / lane / 小巷, 胡同, 巷子"
ตลาด,,market / 市場
ตลาดนัดจตุจักร,,Chatuchak Weekend Market / 翟道翟週末市場
ตลาดสด,,"fresh market / wet market / 街市, 濕貨市場, 菜市場"
ตึกระฟ้า,,skyscraper / 摩天大樓
ทะเลสาบ,,lake / 湖泊
ทางด่วน,,expressway / 高速公路
ทางด่วนพิเศษ,,"special expressway / 高速公路, 特快路"
ทางตัน,,"dead end / 死胡同, 掘頭路"
ทางม้าลาย,,zebra crossing / crosswalk / 斑馬線
ทางลาด,,"slope / ramp / 斜坡, 坡道"
ทางแยกต่างระดับ,,"interchange / flyover / 立交橋, 互通立交"
ที่ทำการไปรษณีย์,,"post office / 郵政局, 郵局辦事處"
ที่พักผู้โดยสาร,,"passenger waiting area / 候車室, 候機室"
ที่ว่าการอำเภอ,,"district office / 縣政府, 縣辦事處"
บ้าน,,house / home / 家
บาร์,,"bar / 酒吧, 吧台"
ปั๊มน้ำมัน,,gas station / petrol station / 加油站(俗稱)
ผับ,,"pub / bar / 酒吧, 小酒館"
ป้ายรถเมล์,,"bus stop / 巴士站, 公車站"
พระราชวัง,,"royal palace / 皇宮, 宮殿"
พิพิธภัณฑ์สถานแห่งชาติ,,National Museum / 國家博物館
ฟุตบาท,,"sidewalk / pavement / 行人路, 人行道"
ฟาร์ม,,farm / 農場
มัสยิด,,mosque / 清真寺
ย่านการค้า,,"commercial district / shopping street / 商業區, 商業街"
ยิม,,"gym / fitness center / 健身房, 體育館"
ย่านที่อยู่อาศัย,,"residential area / 住宅區, 居民區"
ร้านขายยา,,"pharmacy / drugstore / 藥房, 藥店"
ร้านขายของชำ,,"grocery store / convenience store / 雜貨店, 便利店"
ร้านขายยาแผนปัจจุบัน,,"modern pharmacy / Western pharmacy / 西藥房, 現代藥店"
ร้านขายยาแผนโบราณ,,"traditional Chinese pharmacy / 中藥房, 傳統藥店"
ร้านค้าปลีก,,retail store / 零售店
ร้านค้าส่ง,,wholesale store / 批發店
ร้านสะดวกซื้อ,,convenience store / 便利店
ร้านหนังสือ,,bookstore / 書店
ร้านอาหาร,,restaurant / 餐廳
ลานจอดรถ,,"parking lot / outdoor parking / 停車場, 露天停車場"
ร้านเบเกอรี่,,"bakery / 麵包店, 烘焙店"
ลานสเก็ต,,"skating rink / skate park / 溜冰場, 滑板場"
วงเวียน,,"roundabout / traffic circle / 圓環, 迴旋處"
วัด,,temple / 寺廟
วิทยาลัยเทคนิค,,"technical college / 工業學院, 技術學院"
ศูนย์การค้า,,"shopping center / mall / 購物中心, 商場"
ศาลากลางจังหวัด,,"provincial hall / city hall / 市政廳, 省政府大樓"
ศูนย์ดูแลเด็กเล็ก,,"nursery / daycare center / 幼兒園, 托兒所"
ศูนย์ฝึกอบรม,,"training center / 培訓中心, 訓練中心"
ศูนย์แสดงสินค้า,,"exhibition center / exhibition hall / 展覽中心, 展覽館"
สถานทูต,,embassy / 大使館
สถานพักฟื้น,,"rehabilitation center / convalescent home / 療養院, 康復中心"
สถานสงเคราะห์คนชรา,,"nursing home / elderly care home / 老人院, 安老院"
สถานสงเคราะห์เด็ก,,"orphanage / children's welfare home / 孤兒院, 兒童福利院"
สถานีดับเพลิงและกู้ภัย,,fire and rescue station / 消防及救援站
สถานีดับเพลิง,,"fire station / 消防局, 消防站"
สถานีตำรวจภูธร,,"local police station / 地方警察局, 分局"
สถานีบริการน้ำมัน,,gas station / petrol station / 加油站
สถานีรถไฟความเร็วสูง,,"high-speed rail station / 高鐵站, 高速鐵路站"
สถานีรถไฟฟ้า,,"skytrain station / light rail station / 輕軌站, 天鐵站"
สถานีรถไฟใต้ดิน,,subway station / metro station / 地鐵站
สถาบันภาษา,,"language institute / language school / 語言學院, 語言學校"
สถาบันวิจัย,,"research institute / 研究院, 研究所"
สนามบิน,,airport / 機場
สนามกอล์ฟ,,golf course / 高爾夫球場
สนามฟุตบอล,,football field / soccer field / 足球場
สนามเทนนิส,,tennis court / 網球場
สระว่ายน้ำ,,swimming pool / 游泳池
สวนน้ำ,,water park / 水上樂園
สวนพฤกษศาสตร์,,botanical garden / 植物園
สวนสนุก,,"amusement park / theme park / 主題樂園, 遊樂場"
สวนสัตว์,,zoo / 動物園
สวนสาธารณะประจำเมือง,,"city park / municipal park / 城市公園, 市政公園"
สวนสาธารณะ,,park / public park / 公園
สะพานลอย,,pedestrian overpass / skywalk / 行人天橋
สำนักงานเขต,,"district office / 區公所, 區政府辦事處"
สามแยก,,"T-junction / three-way intersection / 丁字路口, 三岔路口"
สี่แยก,,crossroads / intersection / 十字路口
หอสมุดแห่งชาติ,,National Library / 國家圖書館
หอศิลป์,,"art gallery / 美術館, 藝術館"
อาคารจอดรถ,,"parking building / multi-storey car park / 室內停車場, 多層停車場"
เขตอุตสาหกรรม,,"industrial estate / industrial park / 工業區, 工業園"
อุโมงค์,,tunnel / 隧道
โชห่วย,,"traditional grocery store / 雜貨店, 士多(傳統)"
โบราณสถาน,,"historical site / ancient ruins / 古蹟, 歷史遺跡"
โบสถ์,,church / 教堂
โรงงาน,,factory / 工廠
โรงพยาบาล,,hospital / 醫院
โรงพยาบาลส่งเสริมสุขภาพตำบล,,"community health promotion hospital / health center / 社區健康促進醫院, 衛生所"
โรงภาพยนตร์,,cinema / movie theater (formal) / 電影院(正式)
โรงละคร,,"theater / playhouse / 劇院, 劇場"
โรงละครแห่งชาติ,,National Theatre / 國家劇院
โรงเรียนประถมศึกษา,,primary school / elementary school / 小學
โรงเรียนมัธยมศึกษา,,secondary school / high school / 中學
โรงเรียนสอนขับรถ,,"driving school / 駕駛學校, 學車學校"
โรงเรียนสอนดนตรี,,music school / 音樂學校
โรงเรียนสอนทำอาหาร,,"cooking school / culinary school / 烹飪學校, 廚藝學校"
โรงเรียนสอนนวดไทย,,Thai massage school / 泰式按摩學校
โรงเรียนสอนป้องกันตัว,,"self-defense school / martial arts school / 武術學校, 防身術學校"
โรงเรียนสอนศิลปะ,,"art school / 美術學校, 藝術學校"
โรงเรียนสอนเต้นรำ,,dance school / 舞蹈學校
โรงเรียนอนุบาล,,kindergarten / 幼稚園
โรงเรียนอาชีวศึกษา,,"vocational school / technical school / 職業學校, 技術學校"
ไปรษณีย์,,post office / 郵局
กฎหมายอาญา,,criminal law / 刑法
กฎหมายแพ่ง,,civil law / 民法
การจำคุก,,"imprisonment / jail (noun) / 監禁, 坐牢(名詞)"
การติดสินบน,,"bribery / 行賄, 受賄"
การทุจริต,,"corruption / 貪污, 腐敗, 舞弊"
การประท้วง,,"protest / demonstration (noun) / 抗議, 示威(名詞)"
การฟอกเงิน,,"money laundering / 洗黑錢, 洗錢"
การฟ้องร้อง,,"lawsuit / litigation (noun) / 起訴, 訴訟(名詞)"
การลงคะแนน,,voting (noun) / 投票(名詞)
การเมือง,,politics / 政治
การอภัยโทษ,,"pardon / amnesty / 特赦, 赦免"
การเลือกตั้ง,,election (noun) / 選舉(名詞)
คอร์รัปชัน,,"corruption / bribery / 貪腐, 賄賂"
ความยุติธรรม,,"justice / fairness / 正義, 司法, 公正"
คำพิพากษา,,"verdict / judgment / 判決, 裁決"
ประชาธิปไตย,,democracy / 民主
นโยบายสาธารณะ,,public policy / 公共政策
ประธานาธิบดี,簡寫係 ปธน.,president / 總統
ประเทศ,,country / nation / 國家
พรรคการเมือง,,political party / 政黨
พระมหากษัตริย์,,king / 國王
ระบอบกษัตริย์,,monarchy / 君主制
พลเมือง,,"citizen / 公民, 國民"
ระหว่างประเทศ,,"international / transnational / 國際間, 跨國"
รัฐ,,"state / government (formal) / 國家, 州, 政府(正式)"
รัฐธรรมนูญ,,constitution / 憲法
รัฐมนตรี,,"minister / 部長, 大臣"
สงคราม,,war / 戰爭
รัฐสภา,,"parliament / congress / 國會, 議會"
สนธิสัญญา,,"treaty / agreement / 條約, 協定"
สาธารณรัฐ,,republic / 共和國
สันติภาพ,,peace / 和平
สิทธิมนุษยชน,讀 sitti manu saya chon,human rights / 人權
สิทธิเสรีภาพ,,"freedom rights / personal freedom / 自由權, 人身自由"
หลักฐาน,,"evidence / proof / 證據, 證物"
เผด็จการ,,"dictatorship / authoritarianism / 獨裁, 專制"
เลือกตั้ง,,election / 選舉
โทษประหารชีวิต,,death penalty / capital punishment / 死刑
กฎระเบียบ,,"rules and regulations / 規章制度, 條例"
การทำงานล่วงเวลา,,"overtime / OT / 加班, OT"
การควบคุมคุณภาพ,,"quality control / QC / 品質控制, 品控, QC"
การฝึกงาน,,internship (noun) / 實習(名詞)
การลากิจ,,personal leave / 事假
การลาคลอด,,maternity leave / 產假
การลาป่วย,,sick leave / 病假
การศึกษา,,education / 教育
การลาออก,,"resignation / 辭職, 離職"
การสัมภาษณ์งาน,,"job interview / 工作面試, 面試"
การเลิกจ้าง,,"dismissal / layoff / 解僱, 裁員"
การเกษียณอายุ,,retirement / 退休
การเลื่อนตำแหน่ง,,"promotion / 升職, 晉升"
ความสำเร็จ,讀 kwarm sum rack,"success, achievement / 成功, 成就"
ความปลอดภัยในการทำงาน,,"occupational safety / workplace safety / 職業安全, 工作安全"
ค่าจ้าง,,"wage / salary / 工資, 薪酬"
ชั่วโมงทำงาน,,"working hours / 工作時間, 工時"
จริยธรรม,,"ethics / professional ethics / 道德, 倫理, 職業道德"
นักศึกษาฝึกงาน,,intern / trainee / 實習生
ประวัติการทำงาน,,"work history / resume / CV / 履歷表, 工作簡歷"
ประชุม,,meeting / conference / 會議
พนักงานชั่วคราว,,"temporary employee / part-time worker / 兼職員工, 臨時工"
พนักงานประจำ,,"permanent employee / full-time staff / 全職員工, 常雇員工"
พัฒนา,,"develop / develop / 發展, 開發"
มาตรฐาน,,"standard / specification / 標準, 規格"
วัฒนธรรม,,culture / 文化
วันหยุดประจำปี,,"annual leave / public holiday / 年假, 法定假日"
วิธีการ,,method / way / 方法
สมาคม,,"association / society / guild / 協會, 社團, 公會"
สนับสนุน,,support / 支持
สวัสดิการ,,"welfare / social welfare / 福利, 社會福利"
สัญญาจ้างงาน,,"employment contract / 僱傭合約, 勞動合同"
สหภาพแรงงาน,,"labor union / trade union / 工會, 勞工聯盟"
องค์กร,讀 ong gon,"organization / institution / 機構, 組織, 團體"
เงินเดือน,,"salary / monthly salary / 薪水, 月薪"
เศรษฐกิจ,,economy / 經濟
เป้าหมาย,,goal / target / 目標
โบนัส,,"bonus / 獎金, 花紅"
ขนาดกลาง,,"medium size / M size / 中碼, M碼"
ขนาดเล็ก,,"small size / S size / 小碼, S碼"
ขนาดใหญ่,,"large size / L size / 大碼, L碼"
คนขาย,,"seller / salesperson / 售貨員, 賣家"
คืนเงิน,,"refund / 退款, 退錢"
ซื้อหนึ่งแถมหนึ่ง,,buy one get one free / 買一送一
ตลาดนัด,,"flea market / bazaar / 市集, 跳蚤市場"
ตะกร้า,,"shopping basket / basket / 購物籃, 籃子"
ต่อราคา,,"bargain / haggle / 講價, 討價還價"
ถุงกระดาษ,,paper bag / 紙袋
ถุงพลาสติก,,"plastic bag / 塑料袋, 膠袋"
บัตรเครดิต,,credit card / 信用卡
ปิดทำการ,,"closed / not open for business / 休息, 暫停營業"
ราคา,,"price / 價格, 價錢"
ราคาแพง,,expensive price / 昂貴的
ราคาถูก,,cheap price / 便宜的
ร้านค้า,,"shop / store / 商店, 店舖"
ลดได้ไหม,,can you lower the price? / 可以便宜點嗎?
ลดราคา,,discount / reduce price / 減價
ลองได้ไหม,,can I try it on? / 可以試穿嗎?
ห้าง,,"mall / department store (short) / 商場, 百貨公司(簡稱)"
ห้องลองเสื้อ,,"fitting room / changing room / 試衣間, 更衣室"
เงินทอน,,change (money) / 找錢
เปลี่ยนสินค้า,,"exchange goods / return and exchange / 換貨, 退換商品"
เงินสด,,cash / 現金
เปิดทำการ,,"open for business / 營業中, 營業"
แคชเชียร์,,"cashier / 收銀處, 收銀員"
แพง,,expensive / 貴
ใบเสร็จ,,receipt / 收據
ใบเสร็จรับเงิน,,"receipt / official receipt / 收據, 收條"
ขว้าง,,throw / 投擲
กรีฑา,,athletics / track and field / 田徑
ขี่ม้า,,horse riding / 騎馬
ทีม,,team / 隊伍
นักกีฬา,,athlete / 運動員
บิลเลียด,,"billiards / pool / 桌球, 撞球"
บาสเกตบอล,,basketball / 籃球
ปั่นจักรยาน,,cycle / ride a bicycle / 騎自行車
ปิงปอง,,table tennis / ping pong / 乒乓球
ปีนเขา,,"rock climbing / mountain climbing / 攀岩, 爬山"
ปีน,,climb / 爬
พายเรือ,,row a boat / 划船
มวยไทย,,Muay Thai / Thai boxing / 泰拳
ยกน้ำหนัก,,weightlifting / 舉重
ยิงธนู,,archery / 射箭
ยิมนาสติก,,gymnastics / 體操
วอลเลย์บอล,,volleyball / 排球
วิ่งมาราธอน,,marathon running / 馬拉松跑步
สกี,,ski / skiing / 滑雪
สนามกีฬา,,stadium / sports field / 體育場
สเก็ตน้ำแข็ง,,"ice skating / 溜冰, 滑冰"
เซิร์ฟ,,surf / surfing / 衝浪
เทนนิส,,tennis / 網球
เตะ,,kick / 踢
เหรียญทอง,,gold medal / 金牌
แบดมินตัน,,badminton / 羽毛球
โบว์ลิ่ง,,bowling / 保齡球
โยคะ,,yoga / 瑜伽
ความปลอดภัย,,"safety / security / 安全, 安全性"
คลาวด์,,"cloud / cloud computing / 雲端, 雲計算"
ความเป็นส่วนตัว,,"privacy / 隱私, 私隱"
คัดลอก,,"copy / 複製, 拷貝"
ชาร์จแบต,,charge the battery / 充電
ซอฟต์แวร์,,software / 軟件
ชื่อผู้ใช้,,"username / 用戶名, 使用者名稱"
ฐานข้อมูล,,"database / 資料庫, 數據庫"
ดาวน์โหลด,,download / 下載
ตัดข้อมูล,,"cut / 剪切, 剪下"
ติดตั้ง,,install / 安裝
ถอนการติดตั้ง,,"uninstall / 解除安裝, 卸載"
บัญชีผู้ใช้,,"user account / 帳戶, 帳號"
ปรับปรุง,,"update / improve / 更新, 改進"
บันทึกข้อมูล,,"save data / 儲存, 保存(數據)"
ระบบปฏิบัติการ,,"operating system / OS / 作業系統, OS"
ลงทะเบียน,,"register / sign up / 註冊, 登記"
วางข้อมูล,,"paste / 貼上, 粘貼"
วิทยุ,,radio / 收音機
หุ่นยนต์,,robot / 機器人
หูฟัง,,earphones / headphones / 耳機
ออกจากระบบ,,"log out / sign out / 登出, 註銷"
อินเทอร์เน็ต,,internet / 互聯網
อัปโหลด,,upload / 上傳
เข้าสู่ระบบ,,"log in / sign in / 登入, 登錄"
เครื่องพิมพ์,,"printer / 打印機, 印刷機"
เมาส์,,"mouse / 滑鼠, 鼠標"
แท็บเล็ต,,tablet / 平板電腦
เว็บไซต์,,website / 網站
แบ่งปัน,,"share / 分享, 共享"
แอปพลิเคชัน,,"application / app / 應用程式, APP"
แป้นพิมพ์,,keyboard / 鍵盤
โทรศัพท์มือถือ,,mobile phone / cellphone / 手機
โทรทัศน์,,television / TV / 電視
โปรแกรมค้นดูเว็บ,,"web browser / 瀏覽器, Web Browser"
ไมโครโฟน,,"microphone / 麥克風, 話筒"
ตอนกลางคืน,,"nighttime / at night / 晚上, 夜間"
ตอนนี้,,now / 現在
ตอนบ่าย,,afternoon / 下午
ตอนเย็น,,"evening / dusk / 傍晚, 黃昏"
ทศวรรษ,讀 tet sa wat,"decade / 十年, 年代"
นาที,,minute / 分鐘
ปฏิทิน,讀 bard di tin,"calendar / 日曆, 月曆"
นาฬิกาข้อมือ,,wristwatch / 手錶
พรุ่งนี้,,tomorrow / 明天
ปี,,year / 年
มะรืนนี้,,the day after tomorrow / 後天
วันธรรมดา,,"weekday / working day / 工作日, 平日"
วัน,,day / 天
วันนี้,,today / 今天
วันพักร้อน,,"annual leave / vacation / 年假, 休假"
วันหยุดราชการ,,"public holiday / 公眾假期, 法定假日"
วันหยุดสุดสัปดาห์,,weekend / 週末
ศตวรรษ,,"century / 世紀, 百年"
เดือน,,month / 月
เที่ยง,,"noon / midday / 中午, 正午"
เมื่อวานนี้,,yesterday / 昨天
เมื่อมะรืนนี้,,the day before yesterday / 前天
เวลา,,time / 時間
การจราจร,,traffic (noun) / 交通(名詞)
คนขับรถ,,"driver / 司機, 駕駛員"
ค่าโดยสาร,,"fare / ticket fee / 車費, 車資"
ชานชาลา,,"platform / 月台, 站台"
ทางหลวง,,"highway / main road / 公路, 幹線"
น้ำมันเบนซิน,,gasoline / petrol / 汽油
ผู้โดยสาร,,"passenger / 乘客, 旅客"
ยกเลิกเที่ยวบิน,,flight cancellation / 航班取消
ยางรถยนต์,,car tire / 輪胎
รถจักรยาน,,bicycle / 自行車
รถจักรยานยนต์,,motorcycle / 摩托車
รถติด,,"traffic jam / 塞車, 交通堵塞"
รถตุ๊กตุ๊ก,,tuk-tuk / 嘟嘟車
รถบรรทุก,讀 rot bun took,"truck / lorry / 貨車, 卡車"
รถเมล์,,bus / 公車
ล้อรถ,,wheel / 車輪
หมวกกันน็อก,,"helmet / safety helmet / 安全帽, 頭盔"
อาคารผู้โดยสาร,,"passenger terminal / 航站樓, 客運大樓"
เข็มขัดนิรภัย,,seat belt / 安全帶
เครื่องยนต์,,"engine / motor / 引擎, 發動機"
เครื่องบิน,,airplane / 飛機
เที่ยวบินล่าช้า,,flight delay / 航班延誤
เรือข้ามฟาก,,"ferry / 渡輪, 渡船"
เฮลิคอปเตอร์,,helicopter / 直升機
ใบขับขี่,,"driver's license / 駕駛執照, 駕照"
กระเป๋าเดินทาง,,suitcase / luggage / 行李箱
กระเป๋าเป้,,backpack / 背包
การท่องเที่ยว,,"tourism / sightseeing (noun) / 旅遊, 觀光(名詞)"
การจอง,,"booking / reservation (noun) / 預訂, 預約(名詞)"
ของฝาก,,"gift / present (to take home) / 手信, 伴手禮"
ของที่ระลึก,,souvenir / 紀念品
จองตั๋ว,,book a ticket / 訂票
จุดชมวิว,,viewpoint / scenic spot / 觀景點
ชายหาด,,beach / 沙灘
ตลาดโต้รุ่ง,,"night market / all-night market / 夜市, 通宵市場"
ตั๋วเครื่องบิน,,plane ticket / 機票
ตารางเวลา,,"schedule / timetable / 時間表, 日程表"
ทิวทัศน์,,"scenery / landscape / 風景, 景色"
ทางเข้า,,entrance / 入口
นวดน้ำมัน,,oil massage / 精油按摩
นวดเท้า,,"foot massage / 足底按摩, 腳底按摩"
นวดไทย,,Thai massage / 泰式按摩
นวดแผนโบราณ,,traditional massage / 傳統按摩
นักท่องเที่ยว,,tourist / 遊客
บริการรูมเซอร์วิส,,room service / 客房服務
บัตรผ่านขึ้นเครื่อง,,"boarding pass / 登機證, 登機牌"
ปลอดภาษี,,duty-free / 免稅
พาสปอร์ต,,passport / 護照
มัคคุเทศก์,,tour guide / 導遊
พิพิธภัณฑ์,,museum / 博物館
รีสอร์ท,,"resort / 度假村, 度假酒店"
สปา,,"spa / 水療, SPA"
วีซ่า,,visa / 簽證
หนังสือเดินทาง,,passport / 護照
ห้องเดี่ยว,,single room / 單人房
ห้องคู่,,double room / 雙人房
เที่ยวบิน,,flight / 航班
อัตราแลกเปลี่ยน,,exchange rate / 匯率
แผนกต้อนรับ,,"reception / front desk / 接待處, 前台"
แผนที่,,map / 地圖
แลกเงิน,,exchange money / 換錢
โปสการ์ด,,postcard / 明信片
โรงแรม,,hotel / 酒店
กระชาย,,"fingerroot / Chinese keys / 凹唇薑, 甲猜"
กระเทียม,,garlic / 大蒜
กะหล่ำดอก,,"cauliflower / 椰菜花, 花椰菜"
กะหล่ำปลี,,"cabbage / 椰菜, 捲心菜"
ข่า,,galangal / 南薑
ขิง,,ginger / 生薑
ข้าวโพด,,corn / 玉米
ข้าวโพดอ่อน,,baby corn / 玉米筍
คะน้า,,Chinese kale / 芥蘭
คะน้าฮ่องกง,,Hong Kong kale / 香港芥蘭
ชะอม,,cha-om / acacia pennata / 羽葉金合歡(泰國臭菜)
ตะไคร้,,lemongrass / 香茅
ต้นหอม,,spring onion / scallion / 蔥
ตำลึง,,"ivy gourd leaves / 紅瓜葉, 常春藤葫蘆"
ถั่วงอก,,"bean sprouts / 芽菜, 綠豆芽"
ถั่วลันเตา,,"snow pea / pea / 荷蘭豆, 豌豆"
ถั่วฝักยาว,,"long bean / yardlong bean / 豆角, 長豇豆"
บล็อกโคลี่,,broccoli / 西蘭花
ผักกระเฉด,,water mimosa / 水含羞草
บวบ,,loofah / sponge gourd / 絲瓜
ผักกาด,,Chinese cabbage / 白菜
ผักกวางตุ้ง,,choy sum / 菜心
ผักกาดขาว,,"napa cabbage / 黃芽白, 大白菜"
ผักชี,,"coriander / cilantro / 香菜, 芫荽"
ผักกาดหอม,,lettuce / 生菜
ผักชีฝรั่ง,,"culantro / 刺芹, 刺香菜"
ผักชีลาว,,dill / 蒔蘿
ผักบุ้ง,,"morning glory / water spinach / 通菜, 空心菜"
พริกขี้หนู,,"bird's eye chili / 朝天椒, 鳥眼辣椒"
พริก,,chili / chili pepper / 辣椒
พริกชี้ฟ้า,,"spur chili / large chili / 指天椒, 大辣椒"
ฟัก,,winter melon / 冬瓜
พริกไทยอ่อน,,"green peppercorn / 青胡椒粒, 生胡椒"
ฟักทอง,,pumpkin / 南瓜
มะเขือยาว,,long eggplant / 茄子(長)
มะระ,,bitter gourd / bitter melon / 苦瓜
มะเขือเทศสีดา,,cherry tomato / 小番茄
มะเขือเทศ,,tomato / 番茄
มะเขือเปราะ,,Thai round eggplant / 泰國圓茄
มันฝรั่ง,,potato / 馬鈴薯
มันเทศ,,"sweet potato / 番薯, 紅薯"
ยอดมะพร้าวอ่อน,,coconut heart / 椰子芯
สะตอ,,stink bean / 臭豆
หน่อไม้ฝรั่ง,,asparagus / 蘆筍
หอมหัวใหญ่,,onion / 洋蔥
หอมแดง,,shallot / red onion / 紅蔥頭
หัวไชเท้า,,white radish / daikon / 白蘿蔔
เห็ดนางฟ้า,,oyster mushroom / 鳳尾菇
เผือก,,taro / 芋頭
เห็ดหอม,,shiitake mushroom / 香菇
เห็ดฟาง,,straw mushroom / 草菇
เห็ดหูหนู,,wood ear mushroom / 木耳
แครอท,,carrot / 胡蘿蔔
แตงกวา,,cucumber / 黃瓜
ใบมะกรูด,,"kaffir lime leaf / 檸檬葉, 卡菲爾萊姆葉"
ใบกะเพรา,,"holy basil / Thai basil / 打拋葉, 聖羅勒"
ใบสะระแหน่,,mint leaf / 薄荷葉
ใบเตย,,"pandan leaf / 斑蘭葉, 香蘭葉"
ใบโหระพา,,"Thai sweet basil / 九層塔, 泰國羅勒"
ความชื้น,,humidity / 濕度
ฝนตก,,raining / 下雨
ฝนตกปรอยๆ,,"drizzle / light rain / 毛毛雨, 細雨"
ฝนตกหนัก,,"heavy rain / downpour / 大雨, 暴雨"
พยากรณ์อากาศ,,weather forecast / 天氣預報
พายุ,,storm / 暴風雨
พายุฝนฟ้าคะนอง,,"thunderstorm / 雷暴, 雷雨"
ฟ้าร้อง,,thunder / 打雷
ฟ้าผ่า,,"lightning / 閃電, 落雷"
ภัยแล้ง,,"drought / 旱災, 乾旱"
ภูมิอากาศ,,climate / 氣候
มีฝน,,rainy / 有雨
มีลม,,windy / 有風
มีหมอก,,foggy / 有霧
มีหิมะ,,snowy / 有雪
มีเมฆ,,cloudy / 多雲
มีแดด,,"sunny / 陽光普照, 晴朗"
ร่ม,,umbrella / 雨傘
ร้อนมาก,,very hot / 很熱
ฤดูกาล,,season / 季節
ฤดูร้อน,,summer / 夏天
ฤดูฝน,,rainy season / 雨季
ฤดูหนาว,,winter / 冬天
ฤดูใบไม้ผลิ,,spring / 春天
ฤดูใบไม้ร่วง,,autumn / fall / 秋天
ลมแรง,,strong wind / 風大
หนาวมาก,,very cold / 很冷
หมอก,,fog / 霧
หิมะตก,,snowing / 下雪
องศา,,"degree / temperature degree / 度, 角度, 溫度度數"
อากาศ,,weather / 天氣
อุณหภูมิ,,temperature / 溫度
เซลเซียส,,Celsius / 攝氏度
เมฆมาก,,very cloudy / 多雲
เย็นสบาย,,"cool and comfortable / 涼爽, 涼快"
เสื้อกันฝน,,raincoat / 雨衣
แดดออก,,sunny day / 晴天
โลว์ซีซั่น,,low season / 淡季
ไฮซีซั่น,,high season / peak season / 旺季
ประธาน ,,chairman / 主席
สะพัด,,"widespread / 廣泛, 廣傳"
ศรีสะเกษ,,si sa ket / 四色菊府
พุ่ง,,sharply increase / 暴增
สอบสวน,,investigate / 調查
คำแนะนำ,,suggestion / 建議
แนะนำ,,suggest / 建議
ท่านจะ,,sir you will / 閣下將會
ทดสอบ,,test / 測驗
สมรรถภาพ,,"ability, capacity / 能力, 效能, 性能"
แบ่งเป็น,,divided into… / 分為…
บท,,chapter / 章節
เผลอทำ,,"do inadvertently / 不經意地做, 無意中做"
ออเดอร์,,order / 訂單
ปิดรับออเดอร์,,orders are now closed / 關閉下單渠道
ตำหนิ,,"scold, criticize / 責備, 批評"
ตัดสิน,,"adjudge / 評判, 判定"
ผิดหูผิดตา,,"completely changed / 煥然一新, 耳目一新"
หลายอย่าง,,many things / 好多野呢
สิ่งเหล่านั้น,เหล่า 響呢度係複數量詞,"that kind of things / 果d野, 果d事"
ไม่ได้เป็นเพราะว่า,,not because  of… / 並唔係因為…
เคลื่อน,,"move / 搬動, 轉動, 移動"
ขับเคลื่อน,,"driven / 推動, 驅使"
พลังงาน,"呢個係講緊機器果種能量, 唔係人既精力, 例如能量、電力、卡路里",energy / 能量
เฟมินีน,,"feminine / 女性化, 柔美"
กิริยา,,"behavior / 行為, 舉止"
ข่าวสาร,,information / 資訊
จอ,,"monitor / 顯示器, 屏幕"
ฉายบนจอใหญ่,,display on the big screen / 在大屏幕上顯示
ตรงถึง,,directly to / 直達
ทันใจ,形容速度快、效率高（強調心理滿意度）,fast to one’s satisfaction / 快捷合意
ความเคลื่อมไหว,例如: ความเคลื่อนไหวทางการเมือง：政治動態 / 政治局勢發展,"movement, update / 動向, 動態"
ผู้บาดเจ็บ,,"casualty, injured / 傷者"
กราดยิง,,"mass shooting / 亂射, 掃射"
ถ้าเกิด,一般黎講後面會跟 ก็,"if it happens that / 萬一發生…, 萬一…"
ต่อให้,一般黎講後面會跟 ก็,even that… / 就算…
เมื่อไหร่ก็ตามที่,,no matter when.. / 無論任何時侯…
ความกดดัน,壓力（外部推力 / 期望）,pressure / 壓力
ธรรมชาติ,,nature / 自然
สูญเสีย,,loss / 失去
ไม่จำเป็นต้อง,,"not necessary… / 冇必要…, 無需要…"
จริงๆ แล้ว,,in fact / 其實
ซะตั้งแต่ตอนนี้,,"from now on… / 索性趁而家…, 乾脆而家就…"
ขึ้นบ้านใหม่,,moving into new house / 新屋入伙
กรุงเทพฯ,"全寫係 กรุงเทพมหานคร, 讀 gruntap mahanakone. 簡寫係 กทม",bangkok / 曼谷
"ในอนาคต ",,"in the future / 在將來, 未來"
ที่แบบ,,"who is like.., which is like.. / 即係好似…, 即係咁呢…"
ยิ่งขึ้น,,"even more, increasingly / 更加"
รับทราบ,,acknowledge / 知悉
ขาดความมั่นใจ,,lack of confidence / 缺乏自信
ไร้,較為書面語. 口語就用返 ไม่มี,"without, …less / 無, 缺乏"
ไร้บ้าน,,homeless / 無家可歸
ไร้ความรู้สึก,,emotionless / 無感情
ผู้เข้าสอบ,,candidate / 考生
สอบได้,,passed exam / 考試合格
ผ่านเกณฑ์,,meet the criteria / 符合標準
ฉับพลัน,書面語,sudden / 突然
กำชับ,,to urge / 叮囑
ชลประทาน,用於專有名詞、政府機構、文學詩詞、地理名稱或構詞。,irrigation / 灌溉
ชล,高度正式的專用字，相當於中文裡的「水 / 澤 / 汪洋」（書面語）。不會單獨在日常口語中說「我要喝 ชล」. 主要,"water / 水, 澤"
สตาร์ทอัพ,,startup / 初創公司
ยูนิคอร์น,,unicorn / 獨角獸
ตำนาน,,legend / 傳奇
ปลาวาฬ,,whale / 鯨魚
คำนาม,,noun / 名詞
ลึกลับ,,mysterious / 神秘
ใช้เรียก,,"use to call / 用黎稱呼, 用黎形容"
มูลค่า,,"value / 價值, 市值"
แรง,可以用黎形容人既精力,"force, stamina / 力量, 動力, 精力"
แรงบันดาลใจ,,inspiration / 靈感
ตัวแรก,,the first one / 第一個
ซีอีโอ,,CEO / 行政總栽
ธันเดอร์,,thunder / 雷霆
เอ็กซ์เพรส,,"fast delivery / 快遞, 速遞"
ทั้งๆ,,"despite / 儘管, 明明"
มีแต่คน,,"all of the people, only people / 所有人, 淨係得人"
มีแต่,,only have / 只有
ยักษ์,,giant / 巨人
กรุ๊ป,,group / 集團
"เหมือง ",,mine / 礦
ลำปาง,距離清邁（Chiang Mai）東南部大約 1.5 小時車程。,lampang / 南邦
รับมือ,,cope with / 應付
เฝ้าระวัง,,monitoring / 監控
ต่อเนื่อง,"商業用語, 正式書面語","uninterruptedly, continuously / 不間斷地, 持續地"
คอย,相當於 รอ,"wait, await / 等侯, 等待"
ชาติหน้า,,next life / 下一世
กรมอุตุฯ,"全寫係 กรมอุตุนิยมวิทยา, 簡稱 TMD",thai meteorological department / 氣象部門
น้ำป่า,,flash flood / 山洪
ไหลหลาก,,"flood / 傾瀉, 奔流而出"
ล้น,,"overflow / 溢出, 過界"
ตลิ่ง,,"river, bank / 河岸, 堤岸"
กรมชลประทาน,,"royal irrigation department RID / 水利署, 皇家灌溉局"
แข็งตัว,,"harden / 變硬, 凝固"
แช่แข็ง,外國字用 ฟรีซ,"freeze / 冷凍, 冰封"
เป็นน้ำแข็ง,,"freezed / 變冰, 結冰"
ดนตรี,,music / 音樂
ระทึกขวัญ,,thriller / 驚悚
เดินย่ำน้ำ,,walk in the water / 涉水而行
หอบแฮก,,"panting / 喘息, 喘氣"
สูด,,inhale / 吸入
สูดหายใจถอนหายใจ,,inhale exhale / 呼入呼出
ช่วย…ให้หน่อย…,,please help me to… / 幫我…少少
กดปุ่ม,,press the button / 按下按鈕
ปะ,"當相於 ไหม / เปล่า, 非常口語",okay? / 嗎? 係咪?
สะอื้น,,"sob, whimper / 抽泣, 啜泣"
ชัตเตอร์,,shutter / 快門
ยืดยาน,,stretched out / 伸展開
เฮือก,,heavily / 重度
ซัดสาด,,splash / 濺起
วันงาน,,event day / 活動日
ลอสต์,,"lost / 消失, 失去"
แอนด์,,"and / 及, 和"
คราง,,moan / 呻吟
ใจสู้,,"fighting spirit / 有鬥志, 有鬥心"
ร้อยเอก,,"captain / 上將, 上尉"
ร้อยตรี,,second lieutenant / 少尉
ร้อยโท,,lieutenant / 中尉
ผู้หญิง,,"women, girl, female / 女人"
ผู้ชาย,,"men, boy, male / 男人"
รอง,,"secondary / 副, 次"
โฆษก,,speaker / 發言人
หลงป่า,,lost in the forest / 在森林迷路
กว่าจะ,結構： กว่าจะ + [事件 A]，[事件 B] + 也/就 + [結果],until when… / 等到…的時侯
ลิลลี่,,lily / 莉莉
งั้นก็,,"then let’s… / 咁就…, 既然係咁就…"
ขอโทษ,,excuse me / 唔好意思
สวัสดีตอนเย็น,,good evening / 晚上好
ทะเลาะ,,"argue, fight / 爭吵, 鬧交, 起衝突"
เวอร์จิเนีย,,virginia / 維珍利亞
สาหัส,讀 sa hart,serious / 嚴重
ส่งผลให้,書面語. 口語化既字係 ทำให้,"effect, impact, lead to / 導致, 令到…"
ขั้น,,"grade, step / 級別, 階段"
แน่ชัด,,"exact, definite, clear / 清楚, 明確"
ชัวร์,,sure / 肯定
จับกุม,,arrest / 拘捕
ผู้ต้องหา,,suspect / 疑犯
วิธีพูดของคุณ,,the way you talk / 你說話的方式
ดับ,在新聞與正式語境中常作 ดับชีพ,dead / 死亡
อินโดนีเซีย ,,indonesia / 印尼
ทางตะวันออก,"太陽升起的方向, 即係東方",east side / 東方
พักพิง,,shelter / 避難所
ศูนย์,,center / 中心
พื้นที่,讀 poon ti,area / 區域
เต็นท์,,tent / 帳篷
หน้าบ้าน,,in front of the house / 家門口
จ้า,คะ 同 ครับ 既親切版,yes / 係
เด่น,,notable / 值得關注
พาเอา,口語版係 ทำให้,"end up making someone…, causing… / 搞到…, 令到…"
เด็ดๆ,,"outstanding, awesome / 好正, 好爆"
สิงคโปร์,,singapore / 新加坡
ลงนาม,非常正式的書面語,"sign / 簽約, 簽署"
บันทึกความเข้าใจ,,"memorandum of understanding, mou / 諒解備忘錄"
ความเป็นไปได้,,"possibility, feasibility / 可行性, 可能性"
ความร่วมมือ,,"jointly, cooperatively / 聯手, 合作"
กรมป้องกันและบรรเทาสาธารณภัย,簡稱係 ปภ.,department of disaster prevention and mitigation / 泰國防災減災署
มวล,,mass / 大量
อพยพ,,"evacuate / 搬離, 撤離"
กลุ่มเปราะบาง,,vulnerable group / 弱勢群體
ไหล,,flow / 流
อำเภอ,讀 arm pue. 簡寫係 อ.,district / 縣
เชียงใหม่,,chiang mai / 清邁
ตำบล,讀 dum born. 簡寫係 ต.,"sub-district / 鎮, 鄉"
หมู่บ้าน,讀 mu barn. 簡寫係 ม.,village / 村
คนโสด,,single / 單身
คนเดียว,,alone / 一個人
กะทันหัน,,"all of a sudden, unexpectedly / 太突然, 臨時"
ตอนบน,,"upper part / 上面, 上端, 北部地段"
บ้านเรือน,書面複合詞，指成排或整體的房屋住宅,"houses / 家園, 民房"
จม,,"sink / 沉沒, 浸沒"
มิด,,"covered / 完全遮蔽, 密不透風"
อย่างเช่น,,such as / 例如話
ได้แก่,正式書面語,for example / 例如
สาธารณภัย,,"civil disaster / 公眾事故, 天災"
ได้,"ได้ 如果放響動詞前面, 亦可解作該動作已完成",has / 已經
ข้อความ,,message / 信息
ผ่าน,,"through / 透過, 經由"
เซลล์,,cell / 細胞
บรอดคาสต์,,broadcast / 廣播
ผู้ใหญ่บ้าน,,village chief / 村長
ต่อมา,,"afterward, later / 隨後, 之後"
อุทกภัย,非常正式書面語. 讀 wu tor gap pai,flood / 水災
ดังนี้,,as follow / 如下
แนวทาง,,guidelines / 指引
ป้องกัน,,"prevent, protect / 防範, 保護, 預防"
สำหรับ,,for… / 專供…使用
สำหรับ,,used for… / 用黎…
อัฟกัน,"全寫係 อัฟกานิสถาน ",afghan / 阿富汗人
ตาลีบัน,,taliban / 塔利班
ยึด,,seize / 霸佔
อำนาจ,,"power, authority / 權力"
กองทหาร,,troops / 軍隊
โค่น,,overthrow / 推翻
อิสลาม,,islam / 伊斯蘭
สายแข็ง,,"tough side, the hawk / 強硬派, 鷹派"
ชนบท,宏觀的地理與社會環境概念,countryside / 農村
หมู่บ้าน,,"village / 村莊, 社區"
กองทัพ,,military / 軍方
อิสราเอล ,,isarel / 以色列
กาซา,,gaza / 加沙
ขวบ,用黎形容小朋友,years old / 歲
ครั้งแรก,,first time / 首次
เปิดฉากยิง,,first to fire / 率先開火
เด็กหญิง,,little girl / 女孩
เด็กชาย,,little boy / 男孩
ปาเลสไตน์,,palestine / 巴勒斯坦
ฉนวน,,strip / 地帶
สนทนา,"正式書面語, 平時用 คุย",conversation / 交談
เบาะ,,"pad / 座墊, 椅墊"
ปลายสาย,,end of the line / 電話中另一端
ชีพ,,life / 生命
กู้,,"save, recover / 拯救"
ทีมกู้ชีพ,,team emergency aid / 醫療急救隊
รถกู้ชีพ,,ambulance / 救護車
เล่าว่า,,recall that… / 憶述說…
ซ้ำแล้วซ้ำเล่า,,again and again / 一次又一次
สีฟ้า,,blue / 藍色
ไกลแค่ไหน,,how far it is? / 有多遠?
อัมพาต,,paralyze / 癱瘓
ปีก่อน,,"last year, previous years / 上年, 早幾年"
อ่วม,,"be worse, be terrible / 受創"
หน้ามือเป็นหลังมือ,,turned completely / 翻天覆地的轉變
ชั่ว,,in the period of… / 在…期間
ชั่วคราว,,temporary / 暫時
ชั่วขณะ,,instantaneous / 一瞬間
คืนนี้,,tonight / 今晚
ภายในชั่วข้ามคืน,,within a night / 一夜之間
นอนค้าง,,stay overnight / 過夜
สักคืน,,"one night / 一夜, 一晚"
หุ่นดี,,fit / 身型好
ผอมลง,,lost weight / 瘦左
ยอดดอย,北方既人會咁講. 標準既都係講返 ยอดเขา,top of the mountain / 山頂
วันเดียวกันนี้,,on the same day / 就在同一日
โลก,,world / 世界
ที่มีตั้งแต่...ไปจนถึง…,,starting from since…until… / 包含從…一直到…
อาวุธ,,weapon / 武器
คลื่นเสียง,,sound wave / 聲波
เถียง,"不能不涉及負面情緒, 純粹爭論","argue / 駁嘴, 爭論"
ชีวา,"出現在詩歌裡, 現實生活完全唔會講","life, soul / 生命, 靈魂"
ท่ามกลาง,,among / 在…之中
ในหมู่,,among / 在…群體當中
ร้องเพลง,書面語版係 ขับร้อง,sing / 唱歌
แสงส่อง,,light shining / 光照
แสง,,light / 光
"เมตร ",,meter / 米
การนำทาง,,navigation / 導航
สื่อสาร,較為正式書面. 不限於說話,"communicate / 溝通, 傳訊"
มุมมอง,,"perspective, point of view / 觀念, 觀點"
ทัศนคติ,,attitude / 價值觀
คติ,,"principle, ways / 道理, 準則"
เทคแคร์,,take care / 照顧
เก่ง,,"good, smart / 勁, 厲害"
บุคคล,,person / 個人
แล้วแต่บุคคล,,depends on individual / 因人而異
ให้,"當 ให้ 擺喺「形容詞 / 程度詞」前面（例如 ให้ดี, ให้อร่อย, ให้มากขึ้น），作用就係**「令到……達到某個程度 / 做到……嘅狀態」**","to let…, to…an extent / 使得…, 令…達到一個程度"
เหล่า,,"crew, gang / 一幫, 一群"
ผู้สร้างเสียง,,sound creator / 音效創作者
การเปลี่ยนแปลง,,"transformation, alteration / 轉變, 改變"
เปล่ง,,"emit / 散發, 綻放"
แตกใส่ปาก,,come in mouth / 口爆
แตกใส่หน้า,,facial / 顏射
แตก,,climax / 高潮
เสียงอึกทึก,較為書面文學. 口語化用 เสียงดัง,loud noise / 震耳欲聾的聲音
พืชน้ำ,,aquatic plant / 水草
สาหร่าย,,seaweed / 海藻
ขณะ,書面語. 口語對應的是 ตอน 或 เวลา,the moment / 當…的時侯
เสียจน,,to such an extent that… / 嚴重到一個程度…
ทำเงิน,,"make money / 賺錢, 吸金"
แอนิเมชัน,,animation / 動畫
ระยะ,"用響空間上就代表距離, 屬於名詞",distance / 距離
ทุนต่ำ,,"low cost, low capital / 低成本"
ตัวหนึ่ง,ตัว 係 unit classifier,"one / 一隻, 一件, 一條"
ฉาก,,"scene / 場景, 幕, 畫面"
เด็กดื้อ,,"naughty child / 淘氣鬼, 衰女包"
บ่อยๆ,,frequently / 經常地
ดื้อ,在親密語境中指可愛的「淘氣/曳」,"stubborn / 硬頸, 固執"
แพร่,,spread / 傳播
เชื่อมโยง,,"linkage / 連結, 關聯"
เยาวชน,書面語,youth / 青年
อาเซียน,,asean / 東盟
"ผู้ก่อเหตุ ",,perpetrator / 犯案者
อาชญากรรม,讀 art ya garm,"crime / 罪行, 刑事"
ยุทธศาสตร์,讀 yut ta sart,strategy / 策略
แมคโดนัลด์,,mcdonald’s / 麥當勞
ชาคริต ,"極少用作日常口語動詞或形容詞, 絕大多數場合是作為男性的正式名字",alarm / 警報
ห่วงใย,比單字 ห่วง 更有溫度、更深情,"care / 關懷, 體貼, 牽掛"
เป็นห่วง,,"worry / 憂心, 擔心, 關心"
เผย ,,reveal / 透露
ฝากดูแล,,seek to take care / 交託照顧
ชื่อดัง,,famous / 出名
ผู้ล่วงลับ,,"the deceased / 已故者, 逝者"
หยิบ,,pick / 挑選
ชวนคิด,,food for thought / 發人深省
ถนัด,,"skilled / 高手, 熟練, 精通"
คอยดู,,wait and see / 睇住黎
ผ่านไป,,"pass by / 流逝, 過去"
ที่คิด,,"what someone think / 比想像中的, 所想的"
แป๊บๆ,,in a flash / 轉瞬間
ไอเทม,,"item / 物品, 物件"
มาได้,,"for a period of.. / 歷時有…, 持續左大概有…"
ใช้วนใช้ซ้ำอยู่,,used repeatedly and in turn / 重覆輪流咁用
คำสะกดผิด,,spelling error / 錯別字
เม้ามอย,,"gossip, chitchat / 八卦, 吹水"
พักเที่ยง,,lunch break / 午休
ไลฟ์สไตล์,,lifestyle / 生活方式
หลายหมวด,,many categories / 很多類別
เครืองเขียน,,stationery / 文具
เพราะฉะนั้น,,"therefore / 因此, 所以"
เพลินๆ,,"enjoyable / 享受, 投入"
เข้าเลย,,let’s dive in / 即刻入去
อย่างแรก,,the first thing / 第一樣野
ถามถึง,,"ask about / 問關於, 問緊, 問到"
นัดซื้อ,,purchase appointment / 約定交收
ต้นปี,,"early year / 年頭, 年初"
ตัดแว่นสายตา,"ตัด 係配眼鏡, 配既動詞",buy new glasses / 配近視眼鏡
สายตาสั้น,,nearsighted / 近視
สายตายาว,,farsightedness / 遠視
สายตาเอียง,,astigmatism / 散光
อย่างไรก็ตาม,,"however, but / 然而, 但是"
เติบโต,讀 duep dor,growth / 增長
ก้าวกระโดด,,leap forward / 大躍進
กิจการ,,business / 業務
ฉ้อโกง,,"fraudulent / 欺詐, 詐騙"
ภาครัฐ,,"public sector / 政府部門, 公營部門"
มาตรการกำกับ,讀 ma dalat gan garm gab,regulatory measures / 監管措施
กำหนด,,"schedule, define, set / 設定, 定立, 制定"
รูป,,"form, format / 方式, 形式"
จุดเสีย,,"weakness / 短處, 弱點"
ปฏิสัมพันธ์,讀 bardit sum pan,"interaction / 交際, 交流"
ขอบเขต,,scope / 範圍
เลือนราง,讀 leun rang,fading / 褪色
ลดลง,,"decrease, reduce / 減少, 下跌"
ประสบ,,"suffer / 經歷, 遭受"
จำเป็น,,necessary / 必須
ทั้ง,,including / 包括
สมดุล,讀 sorm doon,balance / 平衡
สุขภาพจิต,,mental health / 心靈健康
การขาด,,lacking / 缺乏
อย่างมี,,possess… / 具備…
รูปปั้น,,"statue / 石像, 雕像"
เขย่า,,"shake / 震動, 搖動"
ภูมิภาค,,area / 地區
"คันโต ",,kanto / 關東
เจ็บ,通常形容皮外傷,hurt / 傷
เช้ามืด,,morning hours / 黎明時分
อุตุนิยมวิทยา,,meteorology / 氣象學
วัด,,"measure / 措施, 量度"
จุดศูนย์กลาง,讀 jut soon glang,center point / 中心點
เมืองอุราคาวะ,,urakawa city / 浦川市
ความลึก,,depth / 深度
ความสูง,,height / 高度
เตือนภัย,,disaster warning / 災難警報
คลื่นยักษ์,,big wave / 巨浪
ทั้งนี้,,"in addition, further more / 再者, 此外"
เผชิญ,讀 park chun,confront / 面對
อิบารากิ,,ibaraki / 茨城
กรุง,,capital / 首都
โตเกียว,,tokyo / 東京
ทรัพย์สิน,,property / 財產
ครั้งล่าสุด,,last time / 對上一次
กฎเกณฑ์,,"criteria, benchmark / 準則, 衡量標準"
ออฟฟิศ,,office / 公司
ผลงาน,,"performance / 表現, 工作表現"
การจัดกิจกรรม,讀 gan jak git ja garm,"event organizing / 舉辦活動, 籌備活動"
อย่าเพิ่ง,,"don’t…first / 暫時唔好…住, 先唔好…"
งด,,"abstain, skip / 戒除, 甩"
อิอิ,,hehe / 嘻嘻
คำศัพท์,,"word / 詞, 單字"
ไฮบริด,,hybrid / 混合
เสียเรื่องเดียว,,"the only bad thing is… / 有樣野唔好…, 美中不足既係…"
ครองชีพ,,cost of living / 生活成本
อิสระ,讀 e sa ra,free / 自由
แพร่ระบาด,,pandemic / 流行病大爆發
แห่ง,餐廳量詞,"unit classifier / 間, 處, 家"
ความอยู่รอด,,survival / 生存
เดลิเวอรี,,"delivery / 外賣, 送"
แพลตฟอร์ม,,platform / 平台
ออนไลน์,,online / 線上
ต้นทุน,,cost / 成本
คอมมิชชัน,,commission / 佣金
บรรจุภัณฑ์,"書面語, 讀 bun juk pan",packaging / 包裝
ขาดแคลน,,scarcity / 稀缺
บางส่วน,,"some of… / 某部份…, 一部分…"
สาขา,,branch / 分支
แบรนด์,,brand / 品牌
ทุนหนา,,large capital / 大資本
แก้ตัว,,"excuse, amend / 辯解, 補鑊"
เห็นด้วย,思想上認同接受,agree / 同意
จดทะเบียนสำรักกัน,,register for marriage / 簽紙結婚
สมรส,極正式的法律用語,"marriage / 結婚, 共諧連理"
ถูกต้อง,比較正式書面語,"correct / 正確, 準確無誤"
พันธนาการ,,"bondage / 束縛, 枷鎖"
ตำแหน่งประธาน,,chairman / 主席
หมูป่า,,"wild boar / 野豬, 山豬"
เอาสิ,,sure / 梗係好啦
เมล็ดหัวผักกาด,,radish seed / 蘿蔔種子
การตกปลา,,fishing / 釣魚
อุปการคุณ,,sponsor / 贊助
ขุด,,"dig / 挖, 掘"
เจาะ,,"drill / 打洞, 穿透, 鑽"
ทางบริษัท,,we / 本公司
เบ็ดคัน,,fishing rod / 魚桿
เคย,,ever / 曾經
เพียบ,,infinitely / 無限
อัปเกรด,,upgrade / 升級
สเก็ตบอร์ด,,skateboard / 滑板
แทงตา,,eye stabbing / 刺眼
ชะมัด,通常放響句尾,"extremely, very / 極之"
ทิ้งร้าง,,abandon / 廢棄
การประมง,,fishing business / 漁業
บังเอิญ,,coincidence / 巧合
ผจญภัย,讀 part jon pai,adventure / 冒險
ชำรุด,,damaged / 遭破壞
หลอม,,melt / 溶化
ทองแดง,,copper / 銅
สไลม์,,slime / 史萊姆
มิตรภาพ,,friendship / 友誼
รสนิยม,,taste / 口味
ข้า,"有古風, 霸氣, 地位較高者使用","I / 本人, 本座, 老子"
ตัวตน,,identity / 身份
พล้งเวทมนตร์,,magical power / 魔法力量
เตาหลอม,,furnace / 爐
ความชำนาญ,,expertise / 專精度
สูตรคราฟต์,,crafting recipe / 合成配方
ขวาน,,axe / 斧頭
สุนัข,泰文口語化都係用返 หมา,dog / 狗
แด่,低位對上位用,"to / 致, 給"
นินทา,,bad mouth / 講壞話
รึไง,,"so what? / 咁點呀?, 定點呀?"
หุ่รไล่กา,,scarecrow / 稻草人
ฉบับ,讀 cha bub,"unit classifier / 信, 文件, 報紙量詞"
วัสดุ,,"material / 物料, 材料"
รางวัล,,"reward / 獎品, 獎賞"
จัดส่ง,,"shipping, delivery / 發貨, 送貨, 運送"
ค่าจัดส่ง,,delivery fee / 運費
ยุ,指在背後吹耳邊風、教唆或鼓動其他人去做某啲唔好、衝動或者引起衝突嘅事,"provoke / 煽動, 激起"
ตัวเลข,,"number / 數字, 號碼"
ที่สุดตลอดกาล,,….of all time / 史上最…
ฯลฯ,讀 lae in in (และ อื่น ๆ),etc. / 等等
เสื้อคลุม,,jacket / 外套
อัตโนมัติ,讀 art da nor mart,automatic / 自動
สอบถาม,,query / 詢問
บันเดิ้ล,,"bundle / 捆, 集錦"
ไม่ค่อย,,"not really / 唔算…, 唔係太…"
หนุ่มสาว,,young / 年輕
ดูเด็ก,,"look young / 凍齡, 睇落好細個"
คูปองลด,,discount coupon / 減價劵
หนิไป,,go away / 離去
เรือบรรทุก,讀 rue bun took,cargo ship / 貨船
"ซาอุฯ ","全寫係 ซาอุดีอาระเบีย ",saudi arabia / 沙地阿拉伯
ระเบิด,,"blast, explosion / 爆炸"
ปริศนา,,"mystery / 神秘, 謎團"
ใกล้เคียง,,"nearby / 接近, 相近"
ตอก,,"strike / 敲, 釘入"
ย้ำ,,emphasize / 強調
ตอกย้ำ,,deeply emphasize / 進一步引證
เส้นทางน้ำ,,"waterway / 水路, 海上路線"
ล้อคุณเรื่อง,,making fun of you about… / 開你玩笑…
ชาวไร่,,farmer / 農夫
พัทยา,,pattaya / 芭提雅
เรือยูเอสเอส,,uss / 美國海軍
เม็ดเงิน,"新聞專用, 形容大額資金, 預算","money / 資金, 款項"
คำแรก,,first word / 第一個字
วอล์กกิ้งสตรีท,,walking street / 步行街
"เปลือยกาย ",,"naked / 裸體, 赤裸"
เชื้อเชิญ,,invite / 邀請
กำจัด,,"eliminate / 消除, 消滅"
มอนสเตอร์,,monster / 怪獸
ปกป้อง,,protect / 保護
ค้างคาว,,bat / 蝙蝠
พลังป้องกัน,,defense / 防禦
พบปะสังสรรค์,,"social gathering / 聚會, 聯誼"
ระบำ,,thai traditional dance / 泰國古典舞
ยูเครน,,ukraine / 烏克蘭
ปูติน,,putin / 普京
มอสโก,,moscow / 莫斯科
ผู้แทน,,representative / 代表者
พิเศษ,,special / 特別
ทูตพิเศษ,,special envoy / 特使
เท่าเทียม,,equitable / 平等
อย่างเท่าเทียมกัน,,"equally / 平等地, 一視同仁地"
รัสเซีย,,russia / 俄羅斯
แมงกะพรุน,,jellyfish / 水母
หวัด,,"cold, flu / 傷風, 感冒"
ยุติ,,"cease, stop / 停止, 終止"
ยุติสงคราม,,end of war / 停戰
สตีฟ,,steve / 史蒂夫
เคียฟ,,kyiv / 基輔
ทำเนียบขาว,,white house / 白宮
คาด,"不帶個人情感, 屬客觀分析",expect / 預計
ข่าวดี,,good news / 好消息
หลวง,,royal / 皇室
ไมเกรน,,migraine / 偏頭痛
บรรเทา,,"relieve / 減輕, 緩解"
ใดบ้าง,,"which ones / 邊d, 有乜"
ซ้ำซ้อน,,"redundant / 冗餘, 重疊"
ใบอนุญาต,,permit license / 許可證
แฟน,,"fans / 粉絲, 影迷"
เก้าอี้โยก,,rocking chair / 搖椅
บุกจับ,,raid and arrest / 突擊搜捕
อติ,巴利語,supreme / 極致
โชติ,巴利語,radiance / 光芒
อาวาส,"巴利語, 高階書面語","temple / 住廟, 精舍, 修煉之所"
อยุธยา,全寫係 พระนครศรีอยุธยา,ayutthaya / 大城府
เจ้าอาวาส,,"temple host / 寺廟住持, 方丈"
ยักยอก,,embezzle / 侵吞
สีกา,,female layperson / 女信眾
บุกรวบ,"同 บุกจับ 可互換, 但比較生動有畫面感. บุกจับ 就常用新聞詞",swoop in and seize / 突擊一網打盡
กองปราบ,crime suppression division. 全寫係 กองบังคับการปราบปราม,csd / 泰國中央調查局犯罪抑制司
อาราม,,monastery / 修道院
ซ้ำ,,"even more / 再者, 更甚"
หลักฐานมัดแน่น,,irrefutable evidence / 鐵證如山
เสพเมถุน,"巴利語, 佛教戒律專用詞",commit adultery / 行淫
เมื่อเวลา,,at the time / 在…時間
พล.ต.ท.,讀 pon dam ruat tor,police lieutenant general / 警察中將
ณัฐศักดิ์,"常用人名, 指智者, 有威望的人",nattasak / 納薩
ผบช.ก.,英文全寫係 ผู้บัญชาการตำรวจสอบสวนกลาง,CIB chief / 泰國中央調查總局局長
ผบช.,讀 pu bun cha gan,commissioner / 局長
พล.ต.ต.,讀 pon dam ruat dri,police major general / 警察少將
ชอบ,,like / 喜歡
เจ้าพนักงาน,法律與官方公文入面嘅「公職人員」,"official / 主管人員, 主事人"
ข้ามประเทศ,,cross country / 跨國
แก้ว,,unit classifier / 杯
เลื่อนปลุก,,snooze / 延遲喚醒
ทำใจแปป,標準正字係 แป๊บ (paep)，通常配搭成 แป๊บหนึ่ง (paep nueng = 等一陣 / 一陣間),"take a moment to relax / 稍為冷靜下, 稍為做下心理準備"
ลีลาหน่อย,,"delay, dawdle / 磨蹭, 拖延"
ไว้ที่,,"keep it at / 留係, 擺係"
ลืมสติ,,"forget the brain / 無帶腦, 靈魂出竅"
คับ,"即係 ครับ 但係係網絡俚語, 貪方便",suffix for men / 男人禮貌結尾詞
ตอกบัตร,,check in / 打卡
สแกนนิ้ว,,scan footprint / 指紋掃描
สแกนหน้า,,scan face / 面部掃描
ตอกหน้า,,hit face / 打臉
จอดับ,,"turn off screen / 熜mon, 黑屏"
หนังท้อง,,belly skin / 肚皮
หนังท้องตึง,,tight belly / 食飽肚皮拉得好緊
หนังตา,,eyelid / 眼皮
หนังตาหย่อน,,eyelid collapse / 眼皮鬆弛
หัวหน้าปลุก,,"boss wake me up / 上司喚醒, 上司叫醒"
หัวหน้ายื่นซอง,,boss fired / 上司俾信
โดนไล่ออก,,got fired / 被炒魷魚
หมูกระทะ,,mookata / 泰式火鍋
ร้องทัก,ท้องร้องทัก 即係個肚叫咁解. 肚餓,"call out / 打招呼, 開聲叫"
ทนไม่ไหว,,"can’t take it anymore / 頂唔順, 忍無可忍"
ลิ่วล่อง,,"drifting / 飄揚, 飄流"
ลอย,,"float / 飄浮, 浮動"
สุดไกล,,extremely far away / 極遠處
ไปตาม,,follow…to / 隨著..而去
เม็ดทราย,,"grains of sand / 流沙, 沙粒"
ขโมย,,steal / 偷走
สายเกินไป,,"too late / 太遲, 為時已晚"
รั้ง,,retain / 挽留
เหนี่ยวรั้ง,,forcibly retain / 強行挽留
พัดใจ,"通常歌入面先有, 現實中好少會用到",blow heart away / 吹動心緒
ทำให้ดีที่สุด,,do your best / 做到最好
สุดกำลัง,,used up all energy / 耗盡心力
สุดยอด,側重讚賞能力、表現、技能、質素、味道. 唔會用黎形容外表,"the best / 超勁, 最勁, 勁正"
สะกดใจ,,captivating / 引人入勝
แต่กลับ,,but instead / 但反而
ถอยหลัง,,move backward / 向後退
นับถอยหลัง,,"countdown / 倒計時, 倒數"
สุดใจ,,"wholeheartedly / 全心全意, 極致深情"
ห่าง,動詞或形容詞,distance / 距離
กี่โล,,kilo / 公里
ฝืน,,"reluctantly / 勉強, 違背心意, 夾硬"
เคียงข้าง,,"side by side / 深情相伴, 陪伴左右"
ได้อยู่,,"possibly can / 仲可以, 都ok啦, 過得去啦, 尚算可以"
ยังได้อยู่,,"still possibly can / 仍然可以, 都仲得既"
ได้อยู่,,possibly stay aside / 能夠在身邊
แม้,,even / 哪怕
รักมากแค่ไหน,,love that much / 愛得再深
ไม่มีวัน,帶有強烈主觀情感,"never possible / 絕不可能, 永不"
เอ่ย,,say quietly / 輕聲說
คำว่า,,the word / 呢個字
คำว่าลา,,the word goodbye / 道別這個字
ดวงใจ,"文藝的詞, 日常極少用. 可用 ที่รัก 代替日常用","sweetheart / 心肝寶貝, 至愛"
ข่มขู่,,"intimidate / 恐嚇, 威嚇"
ข่มเหง,,oppression / 壓迫
ข่มใจ,,"control oneself / 抑制內心, 克制內心"
ดั่ง,"日常好少講出口, 多數歌詞中先會出現","as, like / 如同"
เท,,"pour / 傾, 傾倒"
ทุ่มเท,,"dedicated / 傾囊相授, 捨身奉獻"
โฟลเดอร์,,folder / 文件夾
ขึ้นไป,例如 35+ขึ้นไป 即係 35歲以上,"above / 再上, 以上"
ตั้งค่า,,setup / 設定
โสเภณี,"書面語, 好少用. 法律用詞",courtesan / 性工作者
ขายตัว,,prostitution / 賣身
ดอกทอง,粗口,"slut / 蕩婦, 賤女人"
กะหรี่,,"prostitute / 妓女, 雞"
แตะเพื่อแชร์,,tap to share / 觸碰並分享
รหัส,,code / 碼
แอนโทเนีย,,anntonia / 安東尼亞
แอนโทเนีย,,
เงา,,"shadow / 影子, 倒影"
ลบ,,delete / 刪除
ผิวแพ้ง่าย,,sensitive skin / 皮膚好易敏感
ห้ามใส่อะไรเลย,,not allow to wear anything / 一件衫都唔准著
ใจกลางเมือง,,city center / 市中心
ภาระ,,burden / 負擔
ตรงหน้า,,right in front / 響…面前
ต่อหน้า,,to face / 親眼
เลยเวลามา,呢度 เลย 係解越過、超出,overtime / 時間超出左…
ลูก,水果專屬量詞,"unit classifier / 粒, 個"
เพียงลำพัง,,all alone / 孤身一人
ดูด,,"inhale, drain / 抽, 排走"
สยบ,,"beat, suppress/ 闢謠, 制伏"
ข้อพิพาท,,"dispute / 爭端, 爭議"
ไม่ค่อยดี,,no that good / 唔係太好
ส่อง,特定聚光／暗中聚焦動作,"stare, shine / 照, 窺探"
ขึ้นมา,,"come up, climb up / 出黎, 上黎"
เวที,,stage / 舞台
ไฟลุก,,"on fire / 火爆, heat爆"
ไฟลุก,物理真實起火,"on fire / 起火, 著火"
แพ็กเกจ,,package / 優惠包
กุหลาบ,,rose / 玫瑰
รายชื่อ,,list / 名單
ในความคิดของผม,,in my opinion / 在我看來
เหตุผลประการแรกคือ,,"the first reason is, my first point is / 第一個原因是…"
ลางาน,,leave from work / 請假
ฝนตกหนักทั่วไทย,"ทั่ว 解遍佈, 周圍, 全",heavy rain everywhere in thailand / 泰國全各國地下大雨
ตัวอย่างเช่น,"偏向正式, 書面語. อย่างเช่น 則比較日常用",for example / 例如
ราเมง,,ramen / 拉麵
ข้อดีและข้อเสีย,,pros and cons / 好處及壞處
ชานม,,milk tea / 奶茶
คนไหน,,"which one, which person / 邊個, 邊位"
ควาย,喺泰文文化中亦被視為「愚笨、蠢鈍、容易俾人蒙騙或牽住鼻走」嘅象徵,buffalo / 水牛
ร่างกายและจิตใจ,,body and heart / 身與心
ชันสูตร,例子: ส่งร่างไปชันสูตร,identify / 確認
ล่าเหยื่อ,用響夜店媾女都得,hunting / 獵食
แหวกท้อง,,"break the abdomen / 劏肚, 剖開個肚"
ควักไส้,,dig out organ / 挖出內臟
พนักงานเสิร์ฟชาย,,waiter / 男服務生
บทเรียน,,"lesson / 課堂, 課程"
เที่ยงคืน,午夜 12 點 / 凌晨 00:00,midnight / 凌晨
ซัมมิท ,,"summit / 頂峰, 高峰"
ถูกพูดถึง,,being mentioned / 被提及
เมื่อช่วงสัปดาห์ที่แล้ว,,during last week / 在上星期間
ตั้งแต่ช่วงสัปดาห์ที่แล้ว,,since last week / 從上星期起
ทว่า,แต่ 的書面語,"but / 然而, 可是, 但"
แถลงการณ์,,"declaration / 宣佈, 公佈"
การดูนก,,bird watching / 觀鳥
กฎ,,rules / 規則
เลื่อนงาน,,work delay / 工作延後
งานวิ่ง,,"running event, marathon / 馬拉松, 跑步活動"
ไว้เจอกัน,,"meet again later / 留待下次見, 留返遲d見"
คุยกัน,,chat each other / 一齊傾
สละเวลา,,sacrifice time / 犧牲時間
"หายเหงา ",,keep me from lonely / 不再寂寞
ซัพพอร์ต,,support / 支持
"เสียงกรี๊ด ",,scream / 尖叫聲
ทำป้าย,例如 fans 整燈牌俾偶像睇,create signal board / 整牌
"ทนร้อน ",,undergo hot / 忍受熱
แจงชัด,,explain clearly / 解釋清楚